channel_id,talk_id,ts,thread_ts,talk_user,text,date,
CRBLP9FDY,06f51d91-c490-4a9d-825e-a7e230f8a050,1576456039,,UE3QRLNC9,"チャンネルを整理している最中なので、新歓にも番号を割り当てておきました
使い方は任せます",2019/12/15,2x5z
CRBLP9FDY,8576cea2-483d-4b26-9d9e-3bf1ae7d1c80,1576657141,,UJHF409DE,"先日めんとるに行ってメンバー募集会についての話をしてき他ので内容を共有します。
めんとるは日曜日、祝日が定休日、営業は20時まで（相談すれば延長可）

１.開催日時について
1月末から2月の前半は月曜日を除いて空いているとのことでした。そこでバイトやサークルが
平日には授業後にあることを考えて*日時は1月25日と2月1日の5時から20時*（準備１時間、イベント２時間）にしました。

2.会場について
めんとるのキャパシティは椅子の数的に45人。プロジェクターモニターの貸し出し、会場内のレイアウトは自由にしていいとのことでした。

3.参加費を500円程度取るという話でしたがめんとるがフリースペースということで極力無料で開催してほしいとのことでした。

4.めんとるさんが30から40人程度のお菓子やジュース、コストコのケーキを提供してくれるそうです。参加人数の予想ができたら一週間以内に報告します。",2019/12/18,2x5z
CRBLP9FDY,e5dea741-bc93-4643-8767-0d0c4d41c078,1576752995,,UF79HT74G,"合宿参加メンバーからおっけー出たので、夏の合宿費の残金5299円を新歓費に回します！
把握よろしくね～",2019/12/19,2x5z
CRBLP9FDY,80e48505-7841-470b-92d0-78411a3220c6,1577353998,,UJHF409DE,"テスト終わりましたね:sob:
メンバー募集会まで時間があまりないのでガンガン準備進めましょー",2019/12/26,2x5z
CRBLP9FDY,d1a2a9be-5ef9-40a1-943e-a2306d1a91c1,1577613673,1577613673,UJHF409DE,"募集　
メンバー募集会の対外的な名前の案",2019/12/29,2x5z
CRBLP9FDY,43024719-c038-4d8b-8df3-3e8cbb289b40,1577613827,1577613673,UJ62HAHV0,「TEDxで人狼」みたいな？,2019/12/29,2x5z
CRBLP9FDY,a7b52341-5bdc-42f0-9f4e-c1eea81dc20c,1577616737,1577613673,UJHF409DE,なんとかパーティとか,2019/12/29,2x5z
CRBLP9FDY,3140446d-879b-4251-9143-ba517cad9ca7,1577616749,1577613673,UJHF409DE,何を推すべき？,2019/12/29,2x5z
CRBLP9FDY,80a9d968-d676-4a46-9eb4-7fd187bd1ccd,1577620982,1577613673,UJ62HAHV0,"イベントとしては「ガチで人狼できること」
もう少し深層的には「TEDxの企画・運営力」かな",2019/12/29,2x5z
CRBLP9FDY,21edd467-518f-4311-be96-84192c92e827,1577623338,1577613673,UE3QRLNC9,ネーミングにこの段階で目を向けているのはさすが1年間PRやってきただけあるな！,2019/12/29,2x5z
CRBLP9FDY,5915bffa-eb08-4a5b-97ea-caf7b32024fd,1577623350,1577613673,UE3QRLNC9,TEDxのとこは *TEDxUTsukuba* にしておいたほうがいいかも,2019/12/29,2x5z
CRBLP9FDY,4dc38ec3-7774-4050-bd03-38faa82c2f48,1577629740,1577613673,UJHF409DE,"イベント名で何を推すか？
1コンテンツ(人狼
何をやるかが明確な一方、人狼に興味ある人、狭い範囲にしか届かない。なんでTedで人狼という疑問が残る。コンテンツとしての紹介じゃだめ？
2イベントのコンセプト(チームビルディングコミュニケーション、企画運営
理念は明確だが惹きつけられる要素かというとハテナ。
3パーティイベント、出会いやアクティビティという要素
無難？
",2019/12/29,2x5z
CRBLP9FDY,e6007362-7a90-40dd-be9c-18715383110d,1577629826,1577613673,UJHF409DE,僕としてはコンテンツとして人狼を推して行けばいいと思うけど,2019/12/29,2x5z
CRBLP9FDY,502625b0-489a-489a-990a-b4b22a58b554,1577630599,1577613673,UJHF409DE,"Tedのイベントとしてやるにあたって思い浮かんだイメージ
価値あるアイデア
自分が主役
やりたいことがやれる
変化を起こそう
行動しよう
出会いが生まれる
多様な人材
クリエイティビティ
ダイバーシティー
インターナショナル
コラボレーション
コミュニティ
コミュニケーション",2019/12/29,2x5z
CRBLP9FDY,89666fff-06c1-4c73-8a7d-b58a1632aedc,1578394792,1578394792,UJHF409DE,"メンバー募集回についての議事録です。
<https://docs.google.com/document/d/1mL1qBE3alcgh9dvOaObLRd5x43y8xrbQqL1rjphTxq0/edit?usp=sharing|https://docs.google.com/document/d/1mL1qBE3alcgh9dvOaObLRd5x43y8xrbQqL1rjphTxq0/edit?usp=sharing>",2020/1/7,2x5z
CRBLP9FDY,88e7455c-91a6-4a31-9dc5-81e8d1914f8d,1578407113,1578394792,UE3QRLNC9,"• URLの前に見出しをつける
• ホワイトボードの写真の内容を文字に起こしておく
お願いします",2020/1/7,2x5z
CRBLP9FDY,690905f8-3ce9-43f6-9c96-7b72f3bd0377,1578453802,,UJHF409DE,"メンバー募集会のスケジュールです
<https://docs.google.com/spreadsheets/d/10KTQmc2LMHWyFmQIua8fyRojLYSzryFkK47_Ip1EXGQ/edit?usp=sharing>",2020/1/7,2x5z
CRBLP9FDY,c317a8e9-db76-4ad9-8f39-b16b53f40512,1578820676,,UE3QRLNC9,"メンバー募集会・新歓のミーティングもこのスプレッドシート活用してもらいたいです！
<https://tedxutsukuba-reiwa.slack.com/files/UE3QRLNC9/FS454JE8J/meeting_schedule___agenda>",2020/1/12,2x5z
CRBLP9FDY,3176d150-728a-499e-a4f4-0bed04b1beac,1578913930,1578913930,UJ62HAHV0,"SNS(主にツイッター)用投稿文をまとめました。これを元に改変しつつ投稿を作成していきます。
<https://docs.google.com/spreadsheets/d/13up36BsXKnNRecawDX6YaJGZNNNrrohQgHuh8CN6buI/edit?usp=sharing>",2020/1/13,2x5z
CRBLP9FDY,0c389e20-5df9-424a-9177-d6110abf104c,1578934789,1578913930,UE3QRLNC9,「人狼したりない人は残れます」って果たして需要ある文章なんだろうか… 初めから「もっとやりたい！」っていう人ってガチ勢だよね… そこに訴えるよりは、初心者が「もっとやりたくなった！」って思わせることが大事、よって事前の告知は不要どころか、いらぬ要素に目を向けることになる（限られた文字数をもっと他にさかなくていいの？）,2020/1/13,2x5z
CRBLP9FDY,42acd765-084d-4aec-98e3-cf57dcd6fd1b,1578934900,1578913930,UE3QRLNC9,8人×3グループなんて具体的に書くのね:open_mouth:,2020/1/13,2x5z
CRBLP9FDY,db67b11c-0b70-4a0f-80ff-e68d4e8da62e,1578935534,,UE3QRLNC9,"上のスプレッドシートに
```このイベントを通じて企画・運営力を感じてもらいたいと思っています```
とあるけれど、サクラで参加する人もTEDxメンバーとしている以上それなりの企画・運営しなきゃいけないよな（完全なサクラなら良いけど）
11月のイベントの成功はやはりシフト表の作成や当日スタッフの管理をしっかりやったことにあると思う（これでも足りてなかったけれど）
司会との打ち合わせはやるみたいだけれど、サクラ含めたリハ・打ち合わせは不要？
当日の集合時刻は？",2020/1/13,2x5z
CRBLP9FDY,4b00623e-37fc-4f16-a17e-aaeb41ed98bf,1578936622,1578936622,UE3QRLNC9,"ちょっと <#CK1353MPE|900_random> っぽい話をここでするけれど、今年のメンバーはまだまだ、連絡というか*周知*が甘い。まず第一にこのイベントに関与しているメンバー（今日で言えば <@UJHF51U8G> や <@UJHF55FPA> など）にも最新の情報が届いているのか？そして今回のイベントがTEDxUTsukubaのメンバー募集なんだから参加不参加かかわらず全員に興味を持ってもらいたいという思いがあるか？そもそも <@UJHF55FPA> なんて新歓担当になりました以外メッセージ打ってるのをほぼ見たことがない。
俺がメッセージを定期的にしている理由のひとつは、例えばクレイグさんにも（言語の壁を超えて）何を進めているかを知っていてほしいという思いだったりする。確かに英語併記は大変だけどそれには「アドバイスをもらいたい」とか「後から知らなかったとならないように」といった、労力を払うだけの価値があると思っている。ミーティングを同時通訳できない申し訳なさもね。
オンシーズンの頃はミーティングのまとめのために帰宅後1時間くらい時間をかけたりしていた … もちろんそれには情報の再整理、適切なタスクの振り分けなども含めての時間で、抜けや漏れを防ぐことにも繋がっていた。
見ず知らずの人にこんな変な時期に団体に入ろうと思ってもらうには、我々自身がそれ相応のレベルじゃなきゃ示しがつかんってことを忘れるな。「このくらいの企画なんて俺でもできるわ！」と言われたらおしまいだぞ。適度な情報共有の仕方を新しいメンバーが入るまでに身に付けてください！「適度」がどのくらいかわかってないようなので、まずは余分なくらい書き込んでみて。本当に余分なら止めるので。",2020/1/13,2x5z
CRBLP9FDY,9eb3b30a-875e-44c1-99c9-9634f5a40ba5,1578936824,,UE3QRLNC9,"想像を超える完成度を見せないと人の心は動かせないぞ
そして11月のイベントをあの完成度に持っていくまでに何回ミーティングをしたか、何件メッセージを打ったか、何回会場に足を運んだかをよく思い出せ。",2020/1/13,2x5z
CRBLP9FDY,f3c74c70-cebc-43fe-95f3-1bca40bebdd1,1578977236,1578977236,UJHF51U8G,"<https://docs.google.com/spreadsheets/d/1DM4NGIU4ueTvJiwMSTM0mGrJsVzHQLEKqm_qj2-INpQ|https://docs.google.com/spreadsheets/d/1DM4NGIU4ueTvJiwMSTM0mGrJsVzHQLEKqm_qj2-INpQ>
とりあえず、前回のミーティングで決まった事を元に作りました。確認とダメ出しお願いします。",2020/1/13,2x5z
CRBLP9FDY,6c17f0b2-6888-46b2-9e72-18f880303ab4,1578996871,,UJHF55FPA,"メンバー募集会じゃなくて新歓についての連絡です。
第1回新歓説明会が1/23にあるので、また後日連絡します。",2020/1/14,2x5z
CRBLP9FDY,865876bb-b8b4-4133-9510-23e9935edc06,1578996956,1578936622,UJHF55FPA,すみませんでした。,2020/1/14,2x5z
CRBLP9FDY,7631dd4d-9be7-4c14-a6c3-93f2d9cf8b80,1579006503,1578977236,UE3QRLNC9,"休憩があるのは良いね！時間調整もできる。
上にも書いた通り当日参加者で打ち合わせが必要ならば、17時より前のスケジュールも考えておいてね
。",2020/1/14,2x5z
CRBLP9FDY,9492e327-07b7-47b9-a74d-d7fa21b1d79c,1579169066,,UJHF409DE,"メンバー募集会のタイムスケジュールです。
<https://docs.google.com/spreadsheets/d/1DM4NGIU4ueTvJiwMSTM0mGrJsVzHQLEKqm_qj2-INpQ|https://docs.google.com/spreadsheets/d/1DM4NGIU4ueTvJiwMSTM0mGrJsVzHQLEKqm_qj2-INpQ>",2020/1/16,2x5z
CRBLP9FDY,6c4dd2d9-bdfb-4a11-9ad8-b7f09a858ee2,1579170030,,USC5W4UNN,よろしくおねがいします！,2020/1/16,2x5z
CRBLP9FDY,d9f7789f-72a3-4e6c-ab7a-d728d8baf1c7,1579170310,1579170310,UJHF409DE,メンバー募集会の議事録です<https://docs.google.com/document/d/1nsVDuJoJE-zy4mqhnAUf3Zg08zkOVQZriwd56dGTk2g/edit>,2020/1/16,2x5z
CRBLP9FDY,613778ef-c5e5-4363-8426-6257ff267b34,1579185361,1579170310,UE3QRLNC9,閲覧権限〜！,2020/1/16,2x5z
CRBLP9FDY,3421ff5e-a94c-42be-b191-e228f1c0ff8d,1579185561,1579170310,UJHF409DE,多分見れるようになったと思います,2020/1/16,2x5z
CRBLP9FDY,6d9d2ca9-286e-4091-a7d9-8c9498bf6f85,1579185596,1579170310,UJHF409DE,基本はタイムスケジュールの方に書いてあるのでそっちを見てもらえれば,2020/1/16,2x5z
CRBLP9FDY,ff9c5673-23d1-4019-a126-3a9ae57addd6,1579186430,,UE3QRLNC9,"早めに会場に着いた人の対応って考えてたりする？！
今回は11月に比べて小規模なイベントだから、こういう時間に手の空いているメンバーが1対1で話したりすると、メンバー募集につながるはず
メインコンテンツ(人狼)の詰めが終わったら、その辺の作戦会議もしておきたいね",2020/1/16,2x5z
CRBLP9FDY,711c3ca8-0e66-4ec0-8af4-6bbe952b70ce,1579279383,,UE3QRLNC9,Facebookで人狼ナイトを「興味あり」にしているKoji SasakiさんはCoPhilActionにも参加された方のようだね。つくば市内在住の一般の方だって。,2020/1/17,2x5z
CRBLP9FDY,2cc88173-2357-42cb-ad01-59ac0bee3733,1579508674,1579508674,UJ62HAHV0,"ネームカード
<https://drive.google.com/open?id=11__G3RfNNV8Wht3sQnGYTlNSL4S1JmeT>",2020/1/20,2x5z
CRBLP9FDY,a4a41237-bf1f-4234-ac23-ab2aa7ef88a6,1579508713,1579508674,UJHF409DE,センキュー,2020/1/20,2x5z
CRBLP9FDY,a509d212-e0a4-4b69-ac38-94ec88620ad4,1579530558,1579530558,UE3QRLNC9,"スライド
<https://drive.google.com/drive/folders/1cFQMICFPuexhq0nQZYuzSW5eOggxGpqA>",2020/1/20,2x5z
CRBLP9FDY,63499932-e3a7-4f38-84d3-fc366b27a1a8,1579530700,1579530558,UE3QRLNC9,"<@UF79HT74G> <@UJHF409DE>
画像でイベント説明するの良いね！ただそこでどれだけ魅力的なトークができるかが試されるぞ:relieved:",2020/1/20,2x5z
CRBLP9FDY,58d0d6e6-907b-4065-839f-21fb14ac97ed,1579531764,1579531764,UF872LS1K,ブライアンたちがせっかく撮ってくれたイベント動画見せたい,2020/1/20,2x5z
CRBLP9FDY,fdc57314-73f8-490b-8722-f7b958fb11fd,1579575783,,UJ62HAHV0,"<!channel> 
メンバー募集会のLINE宣伝を皆さんに協力願いたいです。
<https://drive.google.com/open?id=1uxAP1DlgxDrUUPUmX2v7ypiXsl2FPWi24FDUlsT8-q8|https://drive.google.com/open?id=1uxAP1DlgxDrUUPUmX2v7ypiXsl2FPWi24FDUlsT8-q8>
ここに投稿してもらいたい文章と画像を置いてあります。改変してもらってもいいです。
流してくれた学類と学年のところに名前を書いてください。お願いします！！:man-bowing:
かなり集まるか怪しい状況なので協力頼みます:pray::pray:",2020/1/20,2x5z
CRBLP9FDY,fa62bbb5-f765-4c11-a658-0228de14783b,1579576101,,UJ62HAHV0,"<!channel> 上に加えて、
以下のツイートの RT&amp;いいね を各自のアカウントでお願いしたいです。
Please retweet &amp; favorite below tweet on your Twitter accounts. 

<https://twitter.com/tedxutsukuba/status/1217687314253529088?s=21|https://twitter.com/tedxutsukuba/status/1217687314253529088?s=21>",2020/1/20,2x5z
CRBLP9FDY,e903ca4f-da2c-48b0-9772-8424db5973f8,1579605601,1579531764,UJ62HAHV0,<@UJHF409DE> 流す予定ありますか？,2020/1/21,2x5z
CRBLP9FDY,98692fd5-7c97-4188-90cf-11cb9e698535,1579678953,,UE3QRLNC9,申込フォームが2つ存在するようだけど把握できてるかな？,2020/1/21,2x5z
CRBLP9FDY,302600cb-d3f1-4e27-a6e7-749d5935a0e0,1579679384,1579679384,UE3QRLNC9,<https://docs.google.com/forms/d/1SLA4gXmtp7_XHAWC0wcd425zFALZg-ds6b8fQWJlVp0|https://docs.google.com/forms/d/1SLA4gXmtp7_XHAWC0wcd425zFALZg-ds6b8fQWJlVp0>,2020/1/21,2x5z
CRBLP9FDY,0dc28daa-4155-43f4-b6e2-fdfc1149fe5d,1579679512,1579679384,UE3QRLNC9,一件申し込みがあるので、見落としがないようにだけ注意をお願いします,2020/1/21,2x5z
CRBLP9FDY,5e8337c2-d900-4265-bdce-b7618771c350,1579681495,1579679384,UJ62HAHV0,そうですね。カウントします。,2020/1/22,2x5z
CRBLP9FDY,dae13e15-55aa-4525-9d33-cef9b035ed9f,1579786127,1579531764,UF872LS1K,メンバー集会は間に合わない、、,2020/1/23,2x5z
CRBLP9FDY,4a93225b-5dfc-42c3-b08e-884107b55b9d,1579789425,,UJHF55FPA,"今日新歓の説明会いってきましたーー
第2回は2月末〜3月上旬にするみたいです！わたし日本にいないので(旅行です)誰か代理で行ってくれる人募集してます:sob::pray:

あと、今日の内容ですが、色々説明が雑だし、めんどくさかったので、後日まとめてまた連絡しますーー！",2020/1/23,2x5z
CRBLP9FDY,7784fcb8-cc61-49e2-8425-9a7731379f1f,1580017434,,UJHF409DE,"昨日の反省を活かし、タイムスケジュールを新しくしました。確認とアドバイスお願いします。
<https://docs.google.com/spreadsheets/d/11nWllzI7nsUTubUUOVZFgc4ROR4NpRpOQQnrk6RUyYc/edit?usp=sharing>",2020/1/25,2x5z
CRBLP9FDY,9afc0b95-3871-4e09-a233-0fd096ad5560,1580097132,,UJHF55FPA,"来年度の新歓ポスターのしめきりが2/28です。 <@UJ62HAHV0> お願いしていい？
バタバタしてて新歓説明会の資料まだ全部見れてません！もう少し時間ください！:pray:",2020/1/26,2x5z
CRBLP9FDY,63534251-928b-4134-b862-a2f64070ae33,1580097696,,UE3QRLNC9,"去年から変わっている点があれば、書きかえてしまってください
そうすると来年への引き継ぎ資料を作る手間が減ります",2020/1/26,2x5z
CRBLP9FDY,0195c4d2-15e6-4118-a2f1-bf858ab33727,1580224114,1580224114,UJHF55FPA,"新歓のポスターについてです。
まず、詳しい説明もせず、雑にお願いしてごめんなさい

大まかな流れを説明すると、
2/28にポスター実物を貼る枚数分（4枚まで可能）を体育会系サークル会館２F体育会執行委員会室前特設ボックスへ提出→
新推委に確認され、不備がなければ認証印が押される（常識に反することがなければ大丈夫だと思う）→
ラミネートする（紫峰会事務室で有料でできる）→
ダルマ型画鋲で4隅を留めて掲示（第一エリア、平砂・一の矢宿舎共用棟前、春日エリア、の特設掲示板に貼る）

4/1~5/30まで掲示されます。

ポスターの注意点
○右下に3.5x3.5cmの認証印が押されます。4x4cmくらい空けて欲しいです。
○B5　紙を縦に使う
○全てのポスターの裏に団体名、文・体・芸・一般・その他の区分を書いてください（TEDxは文化系）
○提出の際はバラバラにならないようにクリップで留めるor封筒に入れる

余裕持って2/16くらいにポスターを完成させるのは厳しい？<@UJ62HAHV0>

2/28は私はつくばにいないので、私の代わりに提出してくれる人いませんか？",2020/1/28,2x5z
CRBLP9FDY,929e7f03-9d78-4ada-8873-1ba080b123b1,1580224678,1580224114,UJ62HAHV0,"ポスター作るのは楽しいのでやるのは全然大丈夫です。
2/16には間に合わないかも知れないけど、なるべく早めにつくってみる。
サイズはA4だっけ？",2020/1/28,2x5z
CRBLP9FDY,d9c5ba1e-d7bc-4fad-bf58-c9fbfd14f4cd,1580224776,1580224114,UJHF55FPA,"ああごめんなさい！大事なこと忘れてた
B5で紙を縦に使ってください！",2020/1/28,2x5z
CRBLP9FDY,5968efdd-10aa-42c1-8fe6-da5c2758b924,1580225501,,UJHF55FPA,"第一回新歓資料はこちらで確認できます。

<http://www.stb.tsukuba.ac.jp/~shinkan/internal.html>",2020/1/28,2x5z
CRBLP9FDY,104ce352-f99f-4ac2-b85c-b662c18c28ea,1580400006,1580400006,UE3QRLNC9,"<@UFAKFTLSH>
団体の継続願の提出を以前やったと思うんですが、INFOSSって2人分出してますか？",2020/1/30,2x5z
CRBLP9FDY,ebac0ea6-1aa7-4557-a80c-c7206dabbdab,1580544048,,UJHF409DE,"今日のタイムスケジュールです。

<https://docs.google.com/spreadsheets/d/11nWllzI7nsUTubUUOVZFgc4ROR4NpRpOQQnrk6RUyYc/edit?usp=sharing|https://docs.google.com/spreadsheets/d/11nWllzI7nsUTubUUOVZFgc4ROR4NpRpOQQnrk6RUyYc/edit?usp=sharing>",2020/2/1,2x5z
CRBLP9FDY,bd4457c9-d2a2-4d82-bcb0-32aeebd0052d,1580719650,1580719650,UE3QRLNC9,"メンバー募集会、みんなありがとう！
<@UJHF409DE> いまLINEグループはどんな状況かな？
入ってくれそうな人をどういう形で活動に参加してもらうか、考えていこう（割と早急に）",2020/2/3,2x5z
CRBLP9FDY,7491b3cb-77e4-4e62-90a3-463b351704d1,1580719712,1580719712,UE3QRLNC9,<@UJHF55FPA> 去年の新歓フライヤー&amp;ポスター(オモテ面共通)のファイルをDriveの `901_新歓2019` にアップロードしました,2020/2/3,2x5z
CRBLP9FDY,ef78664b-bbbd-4ac8-8b93-ae68305b97dc,1580739961,1580719650,UJHF409DE,"かなでさんからLINEでTEDxUTsukubaについての質問が来たので個別に対応しています。
入ってくれそうな人には新歓に向けてのミーティングを一年だけでするのでそこに参加してもらおうと思ってます。",2020/2/3,2x5z
CRBLP9FDY,bb126866-7499-4c25-b2bc-f112d1191930,1580791173,1580719712,UJHF55FPA,ありがとうございます！！！,2020/2/3,2x5z
CRBLP9FDY,243d3104-a40f-4c05-a232-11b5a05fd095,1580887529,,UJ62HAHV0,新歓ポスター、今日の夜か明日中にはアップできると思います。,2020/2/4,2x5z
CRBLP9FDY,f24ae053-6e53-4091-89e4-cb4d990716e2,1580912829,1580912829,UJ62HAHV0,"新歓ポスター完成しました:tada:
`905_shinkan2020` にデータ、ポスターについての説明等おいてあります。
<https://drive.google.com/open?id=1-qMlNAPuAFSWHtrv62x_QQe6XdRx9-1j>",2020/2/5,2x5z
CRBLP9FDY,7488247a-b200-4a01-ab9a-8c670a226add,1580913061,1580912829,UE3QRLNC9,おつかれさま！！！,2020/2/5,2x5z
CRBLP9FDY,4878a880-507d-4e6d-9c6e-d4428676f53c,1580913362,1580913362,UE3QRLNC9,"<@UJHF55FPA>
次のTEDx新歓ミーティングはいつ頃になりそうですか？",2020/2/5,2x5z
CRBLP9FDY,cdf55a9d-01e3-466e-a137-197320859a9d,1580913853,1580913362,UJHF55FPA,"2/15 グロビ　19:00〜
にするつもりです。この前のイベントに参加してくれた人たちにも参加してもらいます。
連絡遅くなってごめんなさい",2020/2/5,2x5z
CRBLP9FDY,6dca953a-881a-450d-a77b-160abec5288f,1580914364,1580912829,UJ62HAHV0,チラッと見えましたが、行間変更するかもです。,2020/2/5,2x5z
CRBLP9FDY,2af71513-0c10-40bc-a2eb-4535d6cf1ef3,1580914529,1580913362,UE3QRLNC9,予定立ってるならOK!,2020/2/5,2x5z
CRBLP9FDY,ffa4e606-1c21-4536-a059-9b43c79abfe9,1580914534,1580913362,UE3QRLNC9,Google カレンダーに追加しておいて,2020/2/5,2x5z
CRBLP9FDY,c78ace9f-e56c-4cbf-a7d1-1f3236693708,1580914748,1580400006,UFAKFTLSH,"直樹だけだ
なんか連絡来てた？",2020/2/5,2x5z
CRBLP9FDY,bc3e8a21-189d-495e-a8ce-d6a96ed1f94c,1580915378,1580400006,UE3QRLNC9,"来てないです
もし俺のが必要になったら渡すので連絡ください",2020/2/5,2x5z
CRBLP9FDY,8d41d631-66a2-4750-8ac1-5a5b7bb0c82d,1580915466,1580913362,UE3QRLNC9,"この日TMMFで俺行けないわ
<@UFAKFTLSH> <@UF79HT74G> 頼みます
せめて昨年の担当者くらいは都合聞いてから日程決めてもらいたい",2020/2/5,2x5z
CRBLP9FDY,6c6ecb44-db78-41c5-a02e-281e2d0cb63b,1580915604,1580913362,UFAKFTLSH,"ゆりもボランティア申し込んだって言ってたよな？
でもあのイベント夕方までやろ？まあ遅刻ってとこか
おれは集中授業からの通常参加だからしっかり参加できるで〜

って言ってもこういうのは初回が大事なんで、ハリーが行ける日でリスケした方がええんちゃう？<@UJHF55FPA> ",2020/2/5,2x5z
CRBLP9FDY,bc5f5875-0249-459e-8682-683f57e0af3d,1580915756,1580913362,UE3QRLNC9,"<#CSDT7FGCT|111_dailyreport> 夜に懇親会がある
なんならそれが目当てで参加するようなものなので:pray:",2020/2/5,2x5z
CRBLP9FDY,58b748ec-b833-418f-9199-6ac3fbee6738,1580959162,1580913362,UJHF55FPA,"同期で空いてる日がこの日しかなくて、、
そうですね、確認するべきでしたね、気を付けます",2020/2/5,2x5z
CRBLP9FDY,3b6549e5-e9d3-4bed-a808-bce262a720f1,1580978914,1580913362,UE3QRLNC9,それで？？？,2020/2/6,2x5z
CRBLP9FDY,a5f945b2-5a68-4249-9c09-20a367ebde22,1580982167,,UE3QRLNC9,"寝耳に水でしたが、2/15に次の新歓ミーティングが入っているそうです。Meeting schedule &amp; agendaを見ても議題が入っていないしGoogleカレンダーにも日程がないので不安なんですがこれは秘密の作戦か何かですか？
募集会で興味を持ってくれたメンバーにも声をかけて、ミーティングの雰囲気を体験してもらうつもりのようです。私がいたら仲良しこよしな雰囲気を打ち壊しかねないので予定がかぶっていてちょうどよかったかもしれませんね笑",2020/2/6,2x5z
CRBLP9FDY,14714916-bb2b-419f-a88b-69e8ca5576db,1580982364,,UE3QRLNC9,そもそも新歓に関与していない私のような人でも今どんな状況かさらっと確認できるようにするのがSlackなどの役割のはずなんですが、それが無いせいであれこれと首を突っ込んでいる、皮肉だと思いませんか？,2020/2/6,2x5z
CRBLP9FDY,c2e25eac-22a5-4ea5-953c-a8b7c8ac2da7,1580989923,,UJHF55FPA,"こんばんは

2/15のミーティングは新しいメンバーも参加するということで、硬くならないように1年生だけで集まるつもりでした。確かに、昨年の担当者なしでミーティングをするのは良くないですね。私の勝手な判断でごめんなさい。
新歓2019の引き継ぎ資料読みました。すごく分かりやすかったです。その他で何かあれば、お手数おかけしますが、事前にメッセンジャー等で教えていただきたいです。ハリーさんに事前に都合のいい日を聞かなかったのは私のミスです。ごめんなさい。

ミーティングのスケジュールや連絡もテストを理由に後回しにしてました。申し訳ございません。
以後気を付けます。",2020/2/6,2x5z
CRBLP9FDY,fa7107d2-3c7c-460c-98d1-125d3981a61c,1580991651,,UE3QRLNC9,"了解です！そういう意図なら別の機会にお邪魔することにします。
15日はテスト直後なので準備大変かと思います、無理ないよう手分けして進めてください。",2020/2/6,2x5z
CRBLP9FDY,6a1901ec-5052-4e66-9772-8554606db08b,1581077768,1581077768,UJHF55FPA,"超新歓についての連絡です。
活動報告書を提出する必要があります。
〆切は14日です。提出しておきます。

超新歓2019の報告書があれば参考にしたいので、ください:pray:",2020/2/7,2x5z
CRBLP9FDY,f3d322c7-dca0-484e-b90a-3e91e7728ae5,1581142263,1581077768,UE3QRLNC9,"えっ活動報告書？
去年はそんなのなかった！",2020/2/7,2x5z
CRBLP9FDY,a3040b52-1258-41c4-8f16-f1e55106cda1,1581220092,1581077768,UJHF55FPA,無事提出できました！去年はあかりさんが提出したみたいです,2020/2/8,2x5z
CRBLP9FDY,763f36bd-cc66-4e44-a27b-580de711edc1,1581307842,1581077768,UE3QRLNC9,マジか！知らなかった:sob:,2020/2/9,2x5z
CRBLP9FDY,3c58cbc6-6e79-4ca6-b2ac-9ab0a5b68bf9,1581307845,1581077768,UE3QRLNC9,おつかれさま！,2020/2/9,2x5z
CRBLP9FDY,19a37663-2552-4e7c-b13e-72861e9b42c3,1581927734,,UF872LS1K,"2/15 新歓MT議事録
<https://tedxutsukuba-reiwa.slack.com/archives/CE4J8MZMK/p1581765475001100>",2020/2/17,2x5z
CRBLP9FDY,06c60554-deab-4629-b668-423f57447d76,1582182452,1582182452,UJHF55FPA,"超新歓について

【Twitter宣伝用の素材募集】
T-ACTの承認が下りた後から、Twitterで参加団体紹介が紹介されます。
以下のものを提出するように言われてます。何か案があれば言ってください。

活動内容を示すキーワード(3.4行)
　［例］のうりんむら
　　# 自分たちの畑で、土づくりから収穫まで
　　# 涼しい朝の畑で流す爽やかな汗
　　# 自然、農業、食を学ぶ　
       # 雙峰祭では毎年大大大人気！？

見る人の目に留まるような写真(2.3枚)
",2020/2/19,2x5z
CRBLP9FDY,8de7f133-da35-49ba-9b89-3b5b3564c6b1,1582645539,1582645539,UJHF55FPA,"新歓Webでサークルの情報がでるみたいで、申請出しておきました〜
The deadline was approaching so I already submitted.. sorry I didn’t check in advance. Hope it’s fine:ok_hand:",2020/2/25,2x5z
CRBLP9FDY,a40bf5eb-1c41-4b59-aadb-3a433839bd29,1582676920,1582645539,UF872LS1K,It’s great! Thank you!,2020/2/25,2x5z
CRBLP9FDY,1e9e61fd-bd5b-42f2-87fd-dd3061a1925a,1582774778,1582182452,UJHF55FPA,ありがとううう:sob:,2020/2/26,2x5z
CRBLP9FDY,c7b62ecf-68e6-43df-ab35-5eda8e38a389,1582811639,1582811639,UJHF409DE,めんとるさんからLINEで新歓で使うかどうかってきました。いつの新歓で使う予定ですか？<@UJHF55FPA> ,2020/2/27,2x5z
CRBLP9FDY,c08f4c77-0d47-4abd-b334-9e2371a1c1bc,1582814950,1582811639,UJHF55FPA,"会場はそれぞれが担当してるところに頼んでたけどどうなってるんだろ。。
人狼、はめんとるでやりたいね",2020/2/27,2x5z
CRBLP9FDY,897f5ef9-ad47-4b6c-a560-74b1efaa25d3,1582950538,1582950538,UF7917SPJ,omochiの次期会長はコラボ乗り気でした！！でもまだomochiの開催日時が決まってないらしい,2020/2/28,2x5z
CRBLP9FDY,8f584858-3991-4716-ba11-37651d6d9cc5,1582954652,1582950538,UF872LS1K,"おーー期待できるね！
OMOCHIとの連絡ありがとー！

日にち、難しいね
とりあえず私たちが提案した週伝えてくれるかな？",2020/2/28,2x5z
CRBLP9FDY,55691481-a375-4dbd-ae43-04c92f70177d,1582956166,1582950538,UF7917SPJ,うん、聞いてみる,2020/2/28,2x5z
CRBLP9FDY,e22fe03b-de75-48cd-a440-e0780f3d036b,1583120961,1583120961,UJHF55FPA,"<@UJ62HAHV0> (人狼)
<@UJHF51U8G> (かるた)
<@UF7917SPJ> (おもち)
皆さん忙しいと思いますが今週中に新歓の日付、時間、場所、を確定してほしいです！(夜ご飯もどうすれかもできれば決めてほしいです。。。)
これ決まらないとビラが作れないのでお願いします:cry:
わたしもいまあまり仕事出来てなくて申し訳ないです。。。",2020/3/1,2x5z
CRBLP9FDY,9f0fa786-83a0-4e11-8a14-1e42519d9262,1583121529,1583121529,UJHF55FPA,"ポスターの認証が終わったみたいです！
連絡が2/29に来ていました。報告遅くなってごめんなさい。
一般学生団体のポスターは提出したボックス内（体サ館2F執行委員会室前）に置いてあるらしいです。
ちなみに第二回の連絡会はまだいつやるか決まってないらしいです:rage:(連絡はやくしてほしかった、、、)

<@UJ62HAHV0><@UJHF409DE>いまつくばにいるんだっけ？ポスター回収しに行ってください！お願いします。

",2020/3/1,2x5z
CRBLP9FDY,867911db-abf5-4239-b224-56a2c6e98e76,1583146694,1583120961,UF872LS1K,時間18:30-20:00とか？,2020/3/2,2x5z
CRBLP9FDY,0ffd600a-9954-41ee-9469-43cfd1c6a4ef,1583148496,1583121529,UJ62HAHV0,陸上競技場の近くにある体育センターに隣接してる建物です。中々行かないですよね:sweat_smile:,2020/3/2,2x5z
CRBLP9FDY,1d7fef07-9b12-44d6-b1b9-db5f8e90757c,1583153456,1583121529,UF872LS1K,"あーおっけwww
そうねその辺行かないねww


探して行ってきまーす:woman-raising-hand:",2020/3/2,2x5z
CRBLP9FDY,5244f4f8-9a32-48f7-be44-de1308fe9d31,1583153814,1582950538,UF872LS1K,ありがとう！,2020/3/2,2x5z
CRBLP9FDY,269affc9-9cc7-48a4-ba07-b9d0dbdb0fcb,1583164354,1583121529,UJHF55FPA,<@UF872LS1K> ごめん普通の新歓の方です！！！また日程決まったら伝えます！ありがとう🥰,2020/3/2,2x5z
CRBLP9FDY,172b3dad-7f98-4b58-92ec-82f818cfa3b8,1583164396,1583120961,UJHF55FPA,<@UJ62HAHV0> ありがとう！タイムスケジュールも考えといてほしい！,2020/3/2,2x5z
CRBLP9FDY,beaf6c93-2ec5-4f74-9294-36702d599bee,1583166320,1583121529,UF872LS1K,了解ー,2020/3/2,2x5z
CRBLP9FDY,52a9e73a-19c3-4656-81a8-c2570c61c05a,1583244499,1583244499,UJHF55FPA,"超新歓　第一回連絡会
日時：3/11(水) 14：00から1時間程度
場所：図書館セミナー室(予定)

新歓　第二回連絡会
日時：3/16(月)18:30〜
場所：未定　また連絡きたら伝えます

<@UF872LS1K> よろしくお願いします！:pray:
本当に助かります！ありがとうございます♡",2020/3/3,2x5z
CRBLP9FDY,68594be5-9b78-4c19-ac25-d9057490fb3a,1583246527,1583244499,UF872LS1K,"3/16予定合わなかった:sob::sob::sob:
<@UFK78T29K> いけたりする？",2020/3/3,2x5z
CRBLP9FDY,aba1212d-bc80-4293-9bcd-ca657ec29209,1583319551,,UJHF51U8G,"知り合い伝いに歌留多部の部長さんのLINEをゲット！返信待ちです。
<@UJHF55FPA> ",2020/3/4,2x5z
CRBLP9FDY,0e5175ff-36a9-4ebb-9085-44af85a0faf0,1583377801,1583244499,UFK78T29K,１６大丈夫!,2020/3/4,2x5z
CRBLP9FDY,8f423fd3-7293-4bb0-a88c-a9d0d9dff784,1583379755,1583244499,UF872LS1K,よろしくお願いします！,2020/3/4,2x5z
CRBLP9FDY,51c7572e-0fe0-4913-8d67-4d945a80505c,1583385149,1583385149,UJHF51U8G,なんやかんやあって歌留多部の新歓隊長と連絡取れました,2020/3/4,2x5z
CRBLP9FDY,320057cf-a82f-4b05-9bcd-91d4f4beb960,1583390230,1583385149,UF872LS1K,歌留多部の反応どんなかんじー？,2020/3/4,2x5z
CRBLP9FDY,1eb76bd9-1dd3-4a72-8603-5acebc5ea526,1583407396,1583120961,UE3QRLNC9,Google Calendar への追加もお願い！,2020/3/5,2x5z
CRBLP9FDY,cf5473a7-3f25-4731-8a1a-b9b9e3055a3e,1583411603,1583411603,UJHF51U8G,歌留多部も前向きに検討してくれるみたいです。ぼくが今月いないので、かわりに動ける人っていますか？,2020/3/5,2x5z
CRBLP9FDY,b4330654-c340-452f-823c-3ba0259a3eca,1583467021,1583121529,UJHF55FPA,<@UJ62HAHV0> に渡してください！　ラミネートして、4/1に貼りにいきます,2020/3/5,2x5z
CRBLP9FDY,2d85ea9f-5d03-422d-8f3c-2dc5402b2465,1583553546,1583121529,UE3QRLNC9,<@UJHF55FPA> コロラドからわざわざありがとな、、、:pray:,2020/3/6,2x5z
CRBLP9FDY,1df45339-9ff7-4a30-bd74-144f26039a89,1583556463,1583411603,UF872LS1K,サポートできるけど完全に担当するのは難しい:sob::sob:,2020/3/6,2x5z
CRBLP9FDY,aa2bcf5c-9939-4ec6-9556-a9857a29f329,1583684705,1583684705,UJHF51U8G,"歌留多部の人、新歓担当の人はノリ良かったんですけど、すでに新歓の予定が立っていて、コラボ新歓を今から企画するのが難しいと、断られてしまいました。
申し訳ないです。",2020/3/8,2x5z
CRBLP9FDY,d5067bb1-6ddc-4759-9140-4cf1844d985d,1583684752,1583684752,UJHF51U8G,"<@UJHF55FPA> 
開学記念館とか使えそうにないけど、歌留多する？",2020/3/8,2x5z
CRBLP9FDY,3d5769d6-6884-42da-9e0c-d7b3cb7476d4,1583725492,1583684705,UJHF409DE,開学記念館についてなんて言ってた？,2020/3/8,2x5z
CRBLP9FDY,05655f64-b744-4a49-8f54-077b7812bc7c,1583762555,1583684752,UJHF55FPA,ああどうしようか。他の場所でかるたはきついのかな？他のワークショップするか、人狼とおもちだけにするか。。。,2020/3/9,2x5z
CRBLP9FDY,10953782-5a9c-49a6-8273-4aed68682248,1583762596,1583684752,UJHF55FPA,ちなみにおもちも、まだ新歓決めてないらしくて、新歓コラボするのは微妙かもしれない,2020/3/9,2x5z
CRBLP9FDY,17db8ccf-9cfc-40cd-8eb8-dadb3a8b58ba,1583773310,1583121529,UJHF55FPA,"<@UJ62HAHV0> いまポスター持ってる？？ラミネート頼んでいい？大学会館4Fにある紫峰会事務室（平日9:00-17:00営業）という場所で有料でできるらしい！新歓費はしゅーきが持ってます。
詳しくはハリーさんの引き継ぎ資料みると分かりやすい！

<https://docs.google.com/document/d/1QZRPiH6ZHioJsxJtUN0PCBOGTN4Kq9uL9oGK9oSS9Kc|https://docs.google.com/document/d/1QZRPiH6ZHioJsxJtUN0PCBOGTN4Kq9uL9oGK9oSS9Kc>",2020/3/9,2x5z
CRBLP9FDY,300c783a-dc92-4368-9371-b546faf93993,1583777691,1583244499,UJHF55FPA,"3/11 場所変更したみたいです。グロビ2階です！
<@UF872LS1K> よろしくお願いします。",2020/3/9,2x5z
CRBLP9FDY,33036c2b-bd72-4e22-af81-809abdbbbf1f,1583779476,1583779476,UJHF55FPA,"新歓日程と担当者
Fbでそれぞれのグループを作っておくので話進めといてください。
担当者は適当に割り振りました。
わたしは全部入ります。時間がある方いれば言ってください！入ってほしいです

4/17(金) マシュマロチャレンジ　@グロビ
<@UF7917SPJ>　<@UV0GT666Q>　<@UV11ALKV3>
4/20(月) 人狼　@メントル
<@UJ62HAHV0>　<@UJHF51U8G>　<@UV2S5BW6T>　

4/30(木) ババ抜き？変更してもいいです
<@UJHF409DE>　<@UFK78T29K>　<@UV36YEHDL> <@UV10RGQ8G>
5/13(水) 1年生初期メンバー

決めてほしいこと
会場、会場確保
予算
装飾
当日必要な物
当日のタイムスケジュール
必要であれば車出してくれる人
ご飯とか",2020/3/9,2x5z
CRBLP9FDY,2d1e400f-164e-461e-8300-4027cd560b26,1583835041,1583779476,UF7VDGKEX,車出す必要あったらとにかく早めに教えてねー,2020/3/10,2x5z
CRBLP9FDY,637578e1-7d6f-44bc-83c6-f34f1b701185,1583929808,1583929808,UF872LS1K,"<@UJHF55FPA>
*超新歓連絡会報告*

*１．コロナで延期の可能性！予備日は5/12, 5/16*
*２*．今年は他団体とコラボを組んで「ボンド」になること
*３*．ボンドの相手はDONPAPA!
*４*．一緒にカウントダウン動画を取り超新歓でお互いの良さが伝わる「何か」をする。当日このボンドで前に出れる時間：15分
超新歓の人の案　↓↓↓
TEDxは堅いイメージがどうしても強いためDONPAPAに面白いTEDx紹介のネタを作ってもらって（or一緒に作る）より団体のこと知ってもらう。モノトーンで団体説明を話されるより確かに情報入りやすいかも。
*ちなみに提案や意見あればもちろんWelcome.*
*５．*ボンドと別で3分間プレゼンの時間与えられる。（前回提出したキーワードと写真で）
*６．超新歓参加費用（お菓子代とか）＝3000円*

といったとこかな。締め切りのリストは
*・3/18*代表紹介文（140文字以内）と写真
*・3/25*プレゼン提出
*・4/7*ブースに貼るA1ポスター（印刷してくれるそう）",2020/3/11,2x5z
CRBLP9FDY,bd0ffaf7-8991-4fae-9299-8110c374cb4d,1583938095,1583929808,UF872LS1K,<@UJHF55FPA> A1のポスターはどうする？なおきが作ってくれたポスター？それとも内容なにか書かれてるポスター？,2020/3/11,2x5z
CRBLP9FDY,202207a9-5791-475d-8ca6-2fbdb4613acc,1583992687,1583929808,UE3QRLNC9,Donpapaは草,2020/3/11,2x5z
CRBLP9FDY,692c5fe8-b7c4-47e8-a498-f876b973aef5,1583994799,1583929808,UF872LS1K,<@UE3QRLNC9> やっぱ企画者ふっくーのことも知ってたからの提案らしいwww,2020/3/11,2x5z
CRBLP9FDY,a6ceca9e-a5c0-44c1-b267-02765cb3ff39,1583995689,,UF872LS1K,今週末までに決めます。みんなの意見も聞きたいね,2020/3/11,2x5z
CRBLP9FDY,de1b937e-422f-49f7-a24d-ee6466c769f0,1583996871,,UE3QRLNC9,今回の新歓は他団体とのコラボレーションが多いから、楽しみな反面、いろんな要因が絡んで計画通りに物事が進まない可能性が十分にある。他の団体の人に対しても少し余分なくらい確認を取り合うのがいいね。,2020/3/12,2x5z
CRBLP9FDY,b90e2f01-330e-429d-817a-dc9b7a61f9c6,1584020704,1583929808,UJHF55FPA,ありがとう！！コロナの影響で5/12になりそうですね,2020/3/12,2x5z
CRBLP9FDY,483df499-9fe5-4a9b-b4a3-d4e32422b083,1584053275,1583121529,UE3QRLNC9,新歓中止でも流石にポスターは貼れるよね,2020/3/12,2x5z
CRBLP9FDY,78d26642-2a92-4ab1-8384-b18fd25bf676,1584067081,1583121529,UF872LS1K,"いいんでは？
<@UJHF55FPA> メールで確認取れる？",2020/3/12,2x5z
CRBLP9FDY,a69c12b9-0713-48de-96bb-7585266ddce8,1584143187,,UJHF55FPA,,2020/3/13,2x5z
CRBLP9FDY,721f3523-41fb-4515-9f3b-86c57ff76182,1584143294,1584143294,UJHF55FPA,<@UE3QRLNC9> <@UF872LS1K> ポスターは掲示できます！また提出しないといけないぽいですが。。ビラはネットに掲載されるみたいです,2020/3/13,2x5z
CRBLP9FDY,f9cce93a-8567-44b1-9def-1bddcb0e0ea2,1584143449,1583244499,UJHF55FPA,3/16の第二回新歓連絡会、コロナの影響でなくなりました！把握よろしくお願いします<@UFK78T29K> ,2020/3/13,2x5z
CRBLP9FDY,3681407b-bb67-424c-aa35-08061214138d,1584145225,1584143294,UJ62HAHV0,これ見た感じだと、ポスターは一次受付出してあるからもう一回出す必要はないと思う。,2020/3/13,2x5z
CRBLP9FDY,1c36b3a5-fbc6-4c11-80a3-b13415d9d676,1584146372,1584146372,UJ62HAHV0,"新歓のイベントが怪しくなってきたので、ビラの内容も変わってきます。

• オンライン新歓をするならその予定・内容を決めてビラに記載する。
• 団体および活動の紹介
• キャプション情報
コンテンツとしては以上が挙げられると思うんですが、他に載せた方がいいものがありそうなら教えてください。",2020/3/13,2x5z
CRBLP9FDY,158c4255-1e61-4442-bccd-7e9babe704ed,1584146500,1584146372,UJ62HAHV0,ビラはウェブに掲載されるということで、フリッカーとか Youtube とかに誘導するのもアリですね。,2020/3/13,2x5z
CRBLP9FDY,cd808b97-c417-4b37-a677-22d48a3424dd,1584146602,,UJ62HAHV0,オンライン新歓については*次の creative hours で決めていきたい*です。僕は合宿で不在なので案出しを積極的にやります。,2020/3/13,2x5z
CRBLP9FDY,f44066c1-118d-4b7b-96d0-83c2d347bcbe,1584272996,1583244499,UFK78T29K,了解!,2020/3/15,2x5z
CRBLP9FDY,5e596479-7c30-4d64-831d-575a11dd1600,1584624522,1584624522,UV0GT666Q,"オンライン新歓
ツイッターライブ大作戦
ピンチはチャンス！

内容
ツイッターで「＃春からつくば」の新一年生達に今知りたい情報があるかどうか聞いてそれをライブで答えていく。

目的
TEDxUTsukubaが楽しい場所だと教える。
我々の名が広がる。

実際の手順
1. ツイッターで質問を募集（桜:cherry_blossom:あり）DMがバンされる可能性があるのでリプで広める。いきなり知らない人がやると不気味がれるので公式アカウントでやります。
2. ライブで答える。
3. 興味を持った新一年生達と次は一緒にライブをやる。
もしたくさんの人が来てくれた場合、新しいメンバーでチームを作りイベントを作る。
その時先輩等はサポートしてあげる。",2020/3/19,2x5z
CRBLP9FDY,8e893538-9f22-4b0e-9135-fc8e634a3c4f,1584624672,1584624522,UE3QRLNC9,#春から筑波,2020/3/19,2x5z
CRBLP9FDY,1494c29e-c4e0-4aca-9f8d-56d1d42ea73f,1584626276,1584624522,UF872LS1K,第1だんいつやろうか？,2020/3/19,2x5z
CRBLP9FDY,9f5a97fc-6b86-4f06-8b23-2f8eaac73d1c,1585128003,,UF872LS1K,"新歓ライブについて<@UV0GT666Q> と<@UF7VDGKEX> が進めてくれてますので、皆さんご協力お願いします！

超新歓についてとりあえず5月開催の予定ですがまた後程アップデートします。

Thanks in advance guys! Let's make it one of the most memorable shinkan in the history haha",2020/3/25,2x5z
CRBLP9FDY,01b85ed2-3aba-49e9-a413-cdcbb7e42e4c,1585369140,1585369140,UJHF55FPA,<@UJ62HAHV0> ビラってできてる？情報量少ないのはしょうがないけど、ポスターみたいな感じでいいからほしい！,2020/3/27,2x5z
CRBLP9FDY,4688ecdb-7163-403a-81e8-e55dc47cdbc2,1585376372,1585369140,UJ62HAHV0,明日の夜までに完成させる…,2020/3/27,2x5z
CRBLP9FDY,d8c87d92-cddd-4371-8c35-55233229ec16,1585379091,1585369140,UJHF55FPA,ごめんよーーーありがとう！！,2020/3/28,2x5z
CRBLP9FDY,b9256910-7042-4328-a5c0-be48978c737f,1585381189,1585381189,UV0GT666Q,"オンライン新歓

報告が遅れてすみません。

*【⁂注意】*これはあくまで筋書で本番は柔軟に動きます

3/26のミーティングと3/27のリハーサルをへて
ミーティングからの変更あり

*抑えておきたいポイント*
・視聴者にTEDスゲーなと思ってもらう
・やる気にさせる


*決まった話す内容*
・コロナ（最初の掴みとし/視聴者を待つ時間）
　　　-新一年の厳しい立場に共感し、視聴者を逃さない
・バイトはいつから始めるべきか
・サークルをどう選ぶか
　　　-自分の経験を話す
　　　-何故自分らがテッドにいるか（ここでTEDの凄さを自然に伝える）
・TED紹介の為の誘導
　　　-筑波大学の合格を褒める
　　　-大学の紹介　
　　　　　皆ある程度意識が高いと伝える
　　　　　そこから筑波大の凄さを教えて、やる気にさせる様に話す
　　　-他の自分が入ってる意識が高いサークルを紹介を軽くし、胡散臭さをとる
　　　-意識高いが自然と言えるようになった所でテッドの凄さをぶちかます

本番は話す話題をホワイトボードに書き、自分らが今どんな話をしているか視聴者に分かりやすいようにします",2020/3/28,2x5z
CRBLP9FDY,dc5a94b7-771e-4e58-8098-737594364057,1585383498,1585381189,UF872LS1K,いいね！,2020/3/28,2x5z
CRBLP9FDY,8fab8077-ac4e-4236-873e-591ae7441659,1585386326,1585381189,UJHF55FPA,"いいと思う！ありがとう！
初オンライン新歓は4/3だよね。時間と出場者決まってる？？
宣伝しておいた方がいいね
",2020/3/28,2x5z
CRBLP9FDY,1cf7fef6-6a2e-4788-b705-c81d2ed65b3a,1585386716,1585381189,UJHF55FPA,あと1人暮らしについても話したらいいと思う(自炊、宿舎、アパートなど),2020/3/28,2x5z
CRBLP9FDY,4cc85fe3-ee42-41b3-98f6-23c16a7b670b,1585455116,1585381189,UV0GT666Q,"
日程　4/3
時間　9:00 P.M. から
場所　ふくたろうさんの家

すみません、つけ忘れてました",2020/3/28,2x5z
CRBLP9FDY,a7776bf9-81d8-458e-9b38-8e073f9976bf,1585553246,,UJ62HAHV0,"新歓ビラ完成しました:confetti_ball:

オモテ面はポスターとほぼ同じで、ウラ面ではライブ配信を強く押したので、5月からビラをオフラインで配布したいとなった場合にはデザインを変えて第二弾を作ります。

<https://drive.google.com/file/d/1Ls8VcawuEeQ6F73f6-vrri40XpPSg-2b/view?usp=sharing>",2020/3/30,2x5z
CRBLP9FDY,12f9ecd9-f206-4fab-851d-78241f8214d3,1585812710,1585812710,UF872LS1K,"<!channel>
新歓用の動画について！

以前ブライアンが作成しているとMTで言いましたが、ここで皆さんの協力が必要です。動画の中で団体としてTEDxの紹介をしたいのですが、何人かが声を録音しての紹介をしてほしいです。

そこで必要となるのが
・紹介スクリプト作る人(2分未満)
・実際喋ってくれる人(1ー2人)。クリアな発音の人はもちろん、めっちゃ感情とパッションが声で伝わる人(プロデューサー条件w)

です。

スクリプト内容については最低条件としてここをおさえたいです
1. The teams (Partner, Venue, Speaker, PR)
2. goal of TEDx
3. Words like “helping each other” or “spread awareness or happiness” or “improve international understanding” etc so it will fit the video from CoPhilAction.

やるよ！って方コメントでお願いします！
なかったら勝手に指名しちゃいますー",2020/4/2,2x5z
CRBLP9FDY,0eaece3d-7a05-425f-a2a3-eee2782c21c7,1585821192,1585821192,UV0GT666Q,自分でよければ是非（かつぜつが心配です）,2020/4/2,2x5z
CRBLP9FDY,fb72ee06-7506-4199-a39e-e2b722162afb,1585822783,1585821192,UF872LS1K,メモっとく！ありがとう！,2020/4/2,2x5z
CRBLP9FDY,afa29e98-6e85-4967-bfaf-6f637a938e4f,1585827528,,UF872LS1K,"超新歓5月なくなりました。
10月にできるようにするそうです。",2020/4/2,2x5z
CRBLP9FDY,259ca3bd-7fb6-46ab-ab71-f2d5992eb064,1585893671,1585812710,UJHF51U8G,"どんな雰囲気で作りゃええんだ？
真面目な感じにはならん方がいいです？",2020/4/2,2x5z
CRBLP9FDY,b426544c-8440-42fd-8a08-e37753f62337,1585893842,1585812710,UJHF51U8G,ひょっとして紹介動画のナレーションみたいな感じのイメージ？英語？日本語？,2020/4/2,2x5z
CRBLP9FDY,05d906c9-bac4-4cd3-8bc3-efdd16f22eb7,1585893964,1585812710,UJHF51U8G,"感情とパッションが伝わるようにって事は、かなでとしょうりゅうが顔出しで喋る動画って感じなのかな？
わからん。
<@UF872LS1K> 教えてください。",2020/4/2,2x5z
CRBLP9FDY,0265e20b-9ad1-4385-ae6b-6b74bd4c31ab,1585894339,1585894339,UF7VDGKEX,どなたか質問箱ってチェックしてます？？「質問を募集してます」だけだとウザいアカウントになっちゃうから、担当者決めて答えて行こー,2020/4/2,2x5z
CRBLP9FDY,2e388a0d-ac26-4717-bf44-a6c0ad2853a8,1585894397,1585894339,UV0GT666Q,オンライン新歓の為にわざと答えなかったのよ。今日から答えていくよ!,2020/4/2,2x5z
CRBLP9FDY,fa547d69-c5be-4129-90b2-9b62021ac5fc,1585894438,1585894339,UF7VDGKEX,なるほどねGood,2020/4/2,2x5z
CRBLP9FDY,42c87316-e74b-4f44-bed0-ddaef60382e1,1585895749,,UF872LS1K,"【学生生活課】新歓祭月間のイベントについて
",2020/4/2,2x5z
CRBLP9FDY,a236b438-c64a-4884-bd8c-b7e7f0b33f3e,1585896053,1585812710,UF872LS1K,"<@UJHF51U8G> 
入りやすさを考えて真面目すぎない感じが好ましい。
イメージはそうね、日本語でナレーション。
CoPhilActionのダイジェスト動画と一緒に団体紹介。
感情とパッションは声で伝えるから声のトーンとかで工夫してほしい。顔は出ません〜",2020/4/2,2x5z
CRBLP9FDY,e4836a08-3318-4174-b780-d74d682da8d2,1585896094,1585812710,UJHF51U8G,把握,2020/4/2,2x5z
CRBLP9FDY,cba36f0b-f86f-4141-b782-272408c13ce6,1585896113,1585812710,UJHF51U8G,今日中に案出します,2020/4/2,2x5z
CRBLP9FDY,b629fbcf-d6d9-43d6-8ad5-1c72e869c521,1585896784,1585812710,UF872LS1K,ありがとう〜！助かる！,2020/4/2,2x5z
CRBLP9FDY,6b168454-f179-40e9-b216-95fa8c3e7e5e,1585934042,1585812710,UJHF51U8G,"あれ想定外にむずいど。
あともひとつ聞きたいんですけど、伝えたい相手はTEDxやTEDのことを1ミリも知らないひとですか？それともある程度知ってる、耳にしたことはある、くらいの人ですか？
<@UF872LS1K> ",2020/4/3,2x5z
CRBLP9FDY,9baed463-2d4d-4568-8008-b7802824d90f,1585934975,1585812710,UF872LS1K,"夜遅くまでありがとうね:pray::pray::pray:

1ミリも知らないを想定していいと思う。ただ2分ぐらいの動画の予定だからTED, TEDxの説明は軽くでいいかなー",2020/4/3,2x5z
CRBLP9FDY,5ed2ffc6-d82b-4196-9d0e-242afadc9836,1585935047,1585812710,UF872LS1K,とりあえず火曜までにレコードできたらなーってとこで大丈夫らしいから月曜レコードするとして、この週末スクリプトにかけてもいいよ！,2020/4/3,2x5z
CRBLP9FDY,9a3ba873-ba0e-4625-815f-c669fc520a28,1585983692,,UJ62HAHV0,オンライン新歓のまとめをツイッターのスレッドにつくります。🥺:innocent:,2020/4/4,2x5z
CRBLP9FDY,b67397e6-c31e-4a81-a3e5-136b5b73fd3e,1585984279,1585812710,UJHF51U8G,らじゃ,2020/4/4,2x5z
CRBLP9FDY,1c3b6efd-df49-458c-8153-18a4becf807c,1585984869,,UJ62HAHV0,第1回ではTEDxUTsukubaについて説明足らずなところがあったので次紹介するときは簡潔に伝えたいですね。,2020/4/4,2x5z
CRBLP9FDY,6d83f84c-6ed6-48ed-9c02-a7deed5ec75c,1586111654,,UF7VDGKEX,次回のオンライン新歓、出演したいメンバーはリアクションください！,2020/4/5,2x5z
CRBLP9FDY,c7ff377f-8978-4706-b233-ea82a34313cd,1586168957,1586168957,UJHF51U8G,"<https://docs.google.com/document/d/15MednEACMJtXZrlJvf2AZDfk3ud_ZmbN4xHTG7q3APQ|https://docs.google.com/document/d/15MednEACMJtXZrlJvf2AZDfk3ud_ZmbN4xHTG7q3APQ>
<!channel>  取りあえずこんな感じで作ってみました。動画だしギリギリだけど2分で収まりそう。
<@UV0GT666Q> <@UV2S5BW6T> 
確認お願いします。",2020/4/6,2x5z
CRBLP9FDY,f4c15aee-c839-4083-abcd-3b4606eb8fc3,1586169014,1586168957,UJHF51U8G,この書き出しを思いつくのになかなか時間かかった,2020/4/6,2x5z
CRBLP9FDY,b36521b5-f8a1-486f-8a66-f340917b667e,1586169378,1586168957,UF872LS1K,"いい:star-struck::star-struck::star-struck:

ありがとうー！


<@UV0GT666Q> <@UV2S5BW6T> 明日MT後時間ある？",2020/4/6,2x5z
CRBLP9FDY,36862757-d8fe-4cbe-a6a3-3d9c63d8a61c,1586170195,1586168957,UV0GT666Q,時間はあります,2020/4/6,2x5z
CRBLP9FDY,1533aa29-198f-461c-b9ec-25d277719d02,1586170709,1586168957,UV2S5BW6T,"<@UF872LS1K>
今帰省していて17日までつくばにいないです、。報告していなくてすみません:woman-bowing:
来週までに録音するのなら、他の人に頼むことは出来ますか？",2020/4/6,2x5z
CRBLP9FDY,c28a92ea-9165-4f60-9c02-1e32e4eddab7,1586171289,1586168957,UF872LS1K,"<@UV0GT666Q> 明日録音しよう！

<@UV2S5BW6T> なるほど！うーんと録音携帯でしかやらないつもりだったけど帰省中に騒音なしで録音できたりする？もし出来るならそのままお願いしたい🥺",2020/4/6,2x5z
CRBLP9FDY,391cac44-ae0b-4450-8fe8-7705d69c6038,1586172047,1586168957,UV2S5BW6T,"<@UF872LS1K> 
わかりました！声のタイミングとかもあると思うので、明日しょうりゅうと連絡とりながら録音しようと思います。",2020/4/6,2x5z
CRBLP9FDY,3d706b92-eac5-46ac-a98a-37317c7ef506,1586179237,1586168957,UF872LS1K,"了解！
ていうか難しかったら別々で全部通して読んでもらって、編集でパート分けることもできるからその手でいってもいいよー",2020/4/6,2x5z
CRBLP9FDY,4581c639-07d0-4e35-90cb-d686683f4a8e,1586195272,1586195272,UE3QRLNC9,"@channel
色々意見してくれているのは構わんが、ツイッターでDMくれた人たちの対応はその後どうなっているかな？ 彼らと連絡は取れているのか？ 彼らの状況を把握したら、次にどうするか決めて伝えるべきじゃない？ ミーティングいつなの？",2020/4/6,2x5z
CRBLP9FDY,8f44aa87-cdb3-4f89-aca4-b48b77bf4de7,1586195423,1586195272,UV0GT666Q,ミーティングの議題の一つに入れてます。できれば明日固めて、次のミーティングか来週のミーティングまでには実行に移りたいと考えてます。,2020/4/6,2x5z
CRBLP9FDY,9b19e081-780d-47a5-b41c-b458cac0bf90,1586195508,,UE3QRLNC9,"議論の結論を出して、結果が出るまで責任もって見届けるような司令塔の役割が大事じゃないかな？　誰が司令塔なんですか？　自覚ある？
これは :nice_check: 自分で付けちゃいますよ？というか言わせてもらおうか、ほったらかしは危機対応の中で一番マズいぞ",2020/4/6,2x5z
CRBLP9FDY,8c1b8c7c-2ab4-4852-9733-414c1b3af3cb,1586195659,1586195272,UE3QRLNC9,議題にするのも大事ですが、そもそも連絡取れているのかという質問をしたつもりです,2020/4/6,2x5z
CRBLP9FDY,c23e8649-0f1a-4865-a835-c333da810190,1586227005,1586227005,UJHF409DE,メッセージきたのでどうしますか？,2020/4/6,2x5z
CRBLP9FDY,15d0f888-05f3-4a68-b336-dbce209e223c,1586244172,1585812710,UE3QRLNC9,レコーディングおつかれさま！,2020/4/7,2x5z
CRBLP9FDY,fdb2c7f5-cbc1-4af1-9fa1-c9d4aa9cdb21,1586247911,1586227005,UJHF409DE,<https://docs.google.com/document/d/1on-EjkPVSihxzfCiXdrW9s08f_lUSrbJi9XC63qiSnw/mobilebasic|https://docs.google.com/document/d/1on-EjkPVSihxzfCiXdrW9s08f_lUSrbJi9XC63qiSnw/mobilebasic>,2020/4/7,2x5z
CRBLP9FDY,550468ed-a963-465c-9d86-9383a18602dc,1586254086,1586254086,UJHF409DE,"4月7日（火）ミーティングでの新歓活動についてのまとめ

新入生に入ってもらうために積極的な情報発信と個人との関係性を築くことが必要。

Twitter対応
• 責任者 <@UJHF409DE> <@UJHF55FPA> 
• Twitterから公式ラインアカウントに誘導＋LINEグループ希望者にはオンラインミーティングに参加してもらう
• 個人的な相談に乗り関係性を築くために個人アカウント男性→ <@UJHF409DE> 女性→ <@UJHF55FPA> を紹介する
オンライン新歓
• 参加者 <@UFHHQ3NJD> <@UF872LS1K> <@UFAKFTLSH> <@UJHF55FPA> 
• 4月10日（金）21時　約１時間　（20時から打ち合わせ）
その他
• オンラインワークショップの提案
• 自己紹介のフォーマット（LINEグループ）",2020/4/7,2x5z
CRBLP9FDY,7b9b919c-db5b-4497-acd5-a8246769e2de,1586257202,1586254086,UF872LS1K,了解ありがとう！,2020/4/7,2x5z
CRBLP9FDY,eaeee698-a505-4786-b691-8535fd091c21,1586275829,,UE3QRLNC9,"新歓ウェブ公開〜！
<https://www.stb.tsukuba.ac.jp/~shinkan-web/>",2020/4/7,2x5z
CRBLP9FDY,ee928a33-72da-449d-8953-c830e7454710,1586314235,1586314235,UJHF55FPA,"新入生から早速ラインが来ました:blush:
TEDxとテニスサークルの兼サーを検討してるらしいです！飲みサーに入りたくないらしくて、テニサーでやばいところあれば教えてください笑
私詳しくないので:sweat_smile:",2020/4/7,2x5z
CRBLP9FDY,ae68dbb0-36f7-4e0d-abe3-db5ea31e8745,1586320849,1586314235,UE3QRLNC9,どこもそんなやばくないって聞いてるけど、、、アドバンとピックは何人か知ってる人いるけど大丈夫,2020/4/7,2x5z
CRBLP9FDY,a9cad1d7-dadb-4b8f-84a8-4cbd1d5d4ab4,1586331485,1586314235,UJ62HAHV0,"フォレストってテニサーやっけ？
あそこは飲む。

ピックはまあまあ飲む気が…確かではないけど",2020/4/8,2x5z
CRBLP9FDY,6a59e14f-2690-427d-b96d-8bd23d4b6607,1586335340,1586314235,UE3QRLNC9,フォレストはテニサー、そんな噂は聞くね,2020/4/8,2x5z
CRBLP9FDY,06a02a84-b51d-4ec7-8c38-3a554f7dc3ed,1586402299,,UF872LS1K,"興味ありの留学生〜

同級生だからまあ最初対応できるけどこれ<@UJHF55FPA> に流した方がいい？それとも今対応人数多い？",2020/4/8,2x5z
CRBLP9FDY,d352c9ed-19e5-4bb1-be87-0a7db4f1c8ae,1586427243,,UJ62HAHV0,質問箱は<@UJHF409DE> と僕で随時答えていきます！見栄え的にも,2020/4/9,2x5z
CRBLP9FDY,4f5f1fb8-daa5-4e2e-a481-1692e1aeff3e,1586523633,1586523633,UJ62HAHV0,"松島さんの飲み会ってどのくらいの人数が参加したんでしたっけ？

オンラインだったら興味ある新入生みんなzoom参加して！ってのはどうでしょう？

あんま来ないかな…",2020/4/10,2x5z
CRBLP9FDY,20e74971-3401-4ae6-a778-0b14bfcde882,1586562206,1586523633,UFHHQ3NJD,マックス16人くらい,2020/4/10,2x5z
CRBLP9FDY,8288ad75-7199-4267-b40a-6bde600da786,1586597332,1586523633,UE3QRLNC9,<@UJHF55FPA> <@UF7VDGKEX> これまでオンライン新歓やってきた立場で、どう思う？,2020/4/11,2x5z
CRBLP9FDY,6fa0f2be-9e91-42ea-8fc4-43fcb3ee256c,1586602391,1586523633,UJHF55FPA,"オフラインでやる方が圧倒的にやりやすいですね。。
まあでもそれはどうしようもないので、今のオンラインライブ新歓を向上させるには、
・一人一人のキャラを決める。（多少キャラを作った方がいい。キャラ被りもよくない）
・事前に話す内容、回答を共有する（前回は時間がなくてできなかったので）
・また何かTwitterでやってるな、って感じで流されちゃうと思うので、別のことをする。
→新入生を巻き込む。この前あべしが言ってたオンラインワークショップをするとか、誰かが言ってたけどライブに入れちゃうとか
・オンラインなら４人のメリットがないから２人でもいいのかも？",2020/4/11,2x5z
CRBLP9FDY,67f5d9b8-41d2-4c93-8859-1708c3084b87,1586606985,,UE3QRLNC9,… 私も見ていてそう思いました,2020/4/11,2x5z
CRBLP9FDY,ca03d3ba-a615-4ab9-b970-cb91c2467603,1586607132,1586523633,UE3QRLNC9,"いろんな回答があって面白かったので4人でもいいと思うけど、それならあらかじめ他のメンバーに聞いておいてもいいよね
ちなみにスーツを入学式後に実家に送っちゃって、バイトの面接の予定入って慌てた人です笑",2020/4/11,2x5z
CRBLP9FDY,29229283-27c1-4386-af8c-8736749199a6,1586609454,,UF872LS1K,"前回のライブ後そのままZOOMで軽く反省会して、出たものを私からシェアします。

・ライブはメンバー同士の関係を一番自然に分かるものではあるが、身内になりすぎることもある
・TEDxにどんな人がいるかみれるけど、「サークル関係なく彼らの不安を解消する」ことができてるかは微妙かもしれない。もっと効率いい発信の仕方あるのでは？
・ライブを通じて新入生がその場で質問できるメリットがあるが、実際にところみんな質問箱にもう質問出してるし、結構はメンバーがさくらで質問してる。それじゃあライブじゃなくていいのでは？
・事前撮影で短く編集したものを配信した方がトークのラグがなくなるし、より効率よく情報発信ができる。
・複数の短いビデオ(2ー3分？)を作ってもいいかもしれない。1動画=1コンテンツ。こっちの方が見る側からして都合いいのでは？
・出演者:自然でいいけど、視聴者が見たいテンションに合わせる方がいい。
・全般的にライブを見る人は出演者のファンが多い。しかもこれは前にもう出てる編集済みの動画があって、その積み重ねでできたファン。知られてないメンバーで集まっても新入生で最後まで見る人はいるのか？
・ライブやるにしても、1人の出演がいいかもしれない。回しやすい。
・1回目で視聴者が多いのは1回目だからっていうのもある。


ってとこかな。

これから出来ることとして、
・ライブの数字分析
・からの作戦をもっと練る
・違う配信方法をあたってみる
・PRでいかに前回との違うをプロモーションできるか


*NOTE: 新歓を通じてオンライン配信のこといっぱい学べるとメインイベントがオンラインになったときものすごく役立つ。いろいろ試すのはいいが新歓に時間をかけすぎないよう注意！メインイベントのタスクとバランス取ろう*",2020/4/11,2x5z
CRBLP9FDY,d5e421c0-975e-4217-ab62-20241905dcbd,1586667816,1586523633,UJ62HAHV0,"文章分かりにくくてごめんなさい。
松島さんのオンライン飲み会が楽しかったっぽいので、TEDx内で新入生招いてオンラインで話すみたいなこともありかなと思って。
配信はせず身内だけで。",2020/4/11,2x5z
CRBLP9FDY,3d91b8d0-1c89-4e77-bb66-76ea78c22028,1586670105,1586523633,UF7VDGKEX,なるほど、それは良いじゃん。やろやろ。,2020/4/11,2x5z
CRBLP9FDY,aaab5c27-43d3-4f9a-9f34-114dc1770e06,1586732424,,UE3QRLNC9,"オンライン新歓おつかれ〜！2回やったところでいろんな実感が得られたと思います。さて3回目はどんな形でやりますか？
やるかどうかだけでもアナウンスしておくと新入生の興味をキープできる気がします！
あと話してほしい内容をアンケートとってみるというのはどうですか？ “番組づくり” の参考にもなるかな？",2020/4/12,2x5z
CRBLP9FDY,a6f0f070-a23c-497a-b6ac-50bfaa3ec007,1586732631,,UE3QRLNC9,コリンが言ってくれたように新歓偏重を避けるという心がけも大事だよね。ブログを始めることも考えれば、これからは新入生だけを対象にした新歓という体裁から、コロナ期間の新たな情報発信フォーマットへと移行していくのも良いと思います。これまであまりミーティングにPRの計画をしていなかったと思うので、~明日の議題に入れておきますね。~　明日厳しいかも,2020/4/12,2x5z
CRBLP9FDY,362890f3-ab62-499d-a405-4328108f61a7,1586769737,1586769737,UJHF51U8G,"<@UJHF55FPA> 
俺の把握漏れかもだけど、結局新歓ライブイベントは無視するの？",2020/4/13,2x5z
CRBLP9FDY,6237f83e-56bd-4a67-906d-3230aca9a39e,1586771949,1586771949,UJHF55FPA,"ごめん、そうだね、どうしようか。
将大さんが言ってたけど、1つテーマを決めてみんなが意見言う感じがいいと思う。
またメッセンジャーで流します",2020/4/13,2x5z
CRBLP9FDY,76eb95df-cfce-480e-a7d1-2233bbc596af,1586788113,1586771949,UJHF51U8G,ちほ、それ用のグループがあるのは知ってる？俺はC4の方で入ったのだけど、もし入ってなくて、新歓ライブに参加する予定なら招待しておきます。,2020/4/13,2x5z
CRBLP9FDY,c97de138-332c-4008-9438-9cd8c20b4b2b,1586817570,1586771949,UJHF55FPA,え、、、なにそれ、、、、🥺,2020/4/13,2x5z
CRBLP9FDY,45f9ee84-a7b9-45fd-9d7e-6454857a07ce,1586825274,1586771949,UF79HT74G,"<https://tedxutsukuba-reiwa.slack.com/archives/CRBLP9FDY/p1586227005075400>
これだと思う！",2020/4/13,2x5z
CRBLP9FDY,52ce5bcc-2db2-4fdb-bd79-f35508388bf2,1586865884,,UV0GT666Q,"<!channel>
*新歓（配信）内容/今後の方針*

*新歓内容*
新歓メインに加え、これからも役に立つ情報発信をしたい。
みんなで楽しんでる感覚を見せるのも重要。
Zoom配信は3人以下が望ましい。

*今後の方針（配信）*
今は新歓だが、今後はTEDxUTsukubaの一つのブランドとして確立させる。
動画として発信するツールがあるのは団体として強い。
エンターテイメント性を向上させていく研究として利用する。

*やるに当たって考えるべきポイント*
メインイベントに向けてどれだけリソースを割けるかという判断が必要。
【注意】やるからには時間とエネルギーを費やさないといけない。
　　　　イベントに支障が出るのでは？
　　　　メンバー全員にかかわらせることは難しいと感じている。

*今後やるからにはきちんと完成度高く、尚且つ他のタスクを疎かにしない事を胸に刻まないといけない*",2020/4/14,2x5z
CRBLP9FDY,dc73add9-b351-47de-b072-d04e16ba469d,1587042990,1587042990,UV0GT666Q,"<!channel>
４/16ミーティングまとめ
*新歓*
*1.*　オンライン新歓やる団体もふえ、当たり前な状況に。
→オンライン新歓という意識じゃなく、*対面*の新歓という意識の持ち方に変える。
*オンラインでの会議に新入生を呼ぶ。集まった新歓でないため、人との接触を避けた状態で、メンバーと話すようないつもの新歓ができる。*

 *<@UJHF55FPA>* 
*<@UJHF409DE>* 
最初にツイッターで声を掛けてくれた人達でやるのはどうだろうか？

*2.*　 新入生がオンラインで新歓を探し始める時期がくる。
その探しの*手助け*として、新入生にオンライン新歓の情報を発信すれば、最初に集まるのはTedxのコンテンツになるはず:smiling_imp:",2020/4/16,2x5z
CRBLP9FDY,176444f7-c8d0-4e45-848d-81c177cbaadc,1587198078,1587042990,UJHF409DE,新入生今3人DMくれてるから聞いてみる,2020/4/18,2x5z
CRBLP9FDY,4bcdc635-9525-4b6d-88cb-dc2d2a0dc97e,1587256515,1587042990,UJHF55FPA,見学みたいなイメージかな？？,2020/4/18,2x5z
CRBLP9FDY,199c7f89-567f-4f09-b8af-8ee4abcf0b43,1587256526,1587042990,UJHF55FPA,とりあえず,2020/4/18,2x5z
CRBLP9FDY,548cffdb-bdf8-49f4-a438-24df2cd98d03,1587532733,,UJHF409DE,"4月21日ミーティングまとめ
一年生のエンゲージメントを高める→
オンラインでミーティングに参加してもらう前にお話しする <@UJHF409DE> <@UJHF55FPA>

• やる気、やりがい、自己の成長につながる
• 同級生、先輩との関係性
• 疎外感を与えない（ミーティングは一年生にとってつまらない）→アイスブレイクに力をいれる　しょうだいにノウハウ
• 新入生の不安に対するサポート
",2020/4/21,2x5z
CRBLP9FDY,13a9251d-50b2-452e-be3b-7b02ed7bc398,1587716767,,UJHF55FPA,"今日 <@UJHF409DE> と新入生3人と話しました〜🥰
新歓みたいなノリで、サークルのこと以外に授業とかいまの生活とか話しました！見学も興味あるそうだったので、今度誘ってみようと思います",2020/4/24,2x5z
CRBLP9FDY,b21026e2-185e-4e93-ab47-5932e0741d66,1587748895,,UE3QRLNC9,"チーム紹介や活動紹介、言いたいこと沢山ありすぎて、簡潔な文章にまとめるのが結構難しくないですか？（俺だけ？）
TEDxRikkyoUがTwitterに載せてた画像が良いなと思ったので、載せておきます！",2020/4/24,2x5z
CRBLP9FDY,d61a5522-5021-48bf-be33-86ab4ee0e6e4,1587748918,,UE3QRLNC9,,2020/4/24,2x5z
CRBLP9FDY,5fcc6f43-a6f6-48a6-abd4-13b18fa96c2a,1587808555,,UV0GT666Q,"遅れてすみません:man-bowing::man-bowing::man-bowing:

4/23 ミーティング報告
一年生の関わり方を考える

提案:パートナースタイル
各、一年の性格や長所を理解し、最も適してるだろうと考えるメンターをつける。

新入生のやる気を上げるには？
1. タスクをふる。
2. 短期的な具体的な目標を内らで設定する。

人によって相性が出てくる。
皆さん、良く一年を観察してフォローしましょう。


",2020/4/25,2x5z
CRBLP9FDY,2b08bfeb-a7a7-4a2f-97c5-877dff25bfe7,1588082060,1588082060,UJHF55FPA,"4/28 mtg内容
新入生との関わり方
① しゅうき、ちほと雑談 DONE :white_check_mark:
② TEDトークを一緒に見る(ゴールデンウィーク後でいいかな？
③ mtg見学　(途中参加辞退ok onlineだとしやすい, or 分かりやすい内容について話してるときに来てもらう　国際交流に興味あるとのことだったのでインターナショナルチームのmtgのときに来てもらうのもあり)
④ まだ決まってないが、ゆるい感じで何かする

①→②→③→④ の予定

ちょっと関わりたい〜という感じだったので私はその意見をちゃんと受け入れてあげたいです。
慣れてきたときに、本当にすごい、もっと関わりたいって思ってくれれば、自主的に関わってくれると思います。
まあもちろん、もっと関わりたいって思ってもらえるようにしたいですね:purple_heart:",2020/4/28,2x5z
CRBLP9FDY,7bc0bfd9-ff44-431f-8b6a-cb52deff33f0,1588082139,1588082060,UJHF409DE,この前もう一人から連絡きたけどまたビデオ通話した方が良くない？,2020/4/28,2x5z
CRBLP9FDY,e99e42e6-a698-4cc5-8d3e-a29f17e19401,1588083949,1588082060,UJHF55FPA,前の子もまた混ぜて？同じような内容の雑談になっちゃうよね,2020/4/28,2x5z
CRBLP9FDY,c844a2d7-2cbe-4341-ace0-afd4841c390a,1588301794,1588301794,UJHF409DE,"*新入生に次回火曜日ミーティングに参加してもらいます。*
参加者情報↓
<https://docs.google.com/forms/d/1BKG5KyvQB5Q_I9xf2_0sQrvmMUsM_f4bH_UCo_noqFw/edit#responses>
スラックやメッセンジャー、Googleドキュメントなどミーティングにおいて必要な情報は先に <@UJHF55FPA> <@UJHF409DE> <@UV0GT666Q> で話します。",2020/4/30,2x5z
CRBLP9FDY,18210388-3909-4547-a206-3181b8f22d98,1588302017,1588301794,UV0GT666Q,"ありがとう！
質問に趣味を足したらダメかな？それだけで対応を上手く合わせられる気がする。
（でも気持ち悪いと思われるのも嫌なので皆さんの意見を聞きたいです）",2020/4/30,2x5z
CRBLP9FDY,d98b6b5c-6040-4b24-9821-74420f15c384,1588302285,1588301794,UJHF409DE,必要な情報だけ取ろうと思ったんだけど趣味とか聞いてもいいかもね。まあ話すなかで聞けばいい気もする。,2020/4/30,2x5z
CRBLP9FDY,363840c2-e339-49f1-8a5c-8240935e7ead,1588311605,1588311605,UF872LS1K,"<!channel>
【新歓動画改善点共有MT】
明日5/2の午前10:00-11:00に新歓動画改善点共有MTします。
<@UJHF51U8G> <@UV2S5BW6T> <@UV0GT666Q> <@UE3QRLNC9> が参加してくれますがもっといろんな意見聞きたいので参加してくれるとありがたいです。


参加する方「出」のスタンプお願いします。",2020/4/30,2x5z
CRBLP9FDY,ec7406a3-3b44-475d-b6ea-8bfd9a91e044,1588318121,1588311605,UJHF55FPA,少し遅れていきます！,2020/5/1,2x5z
CRBLP9FDY,3d534ffb-8613-4d2b-a715-61ffe10586f9,1588344283,1588311605,UJHF51U8G,明日は寝坊、しない（硬い意志）,2020/5/1,2x5z
CRBLP9FDY,82bc1f28-bcc5-442b-845d-d978502bd2fa,1588346396,1588311605,UF872LS1K,私寝坊したら誰か叩き起こしてくれ笑,2020/5/1,2x5z
CRBLP9FDY,b3ea2a8f-5bc1-4d8e-ae87-e64369032158,1588390613,,UE3QRLNC9,Twitterに新入生からDMきてたよ〜,2020/5/1,2x5z
CRBLP9FDY,cb4ede60-6c5a-42fb-9c8a-9b447980fc16,1588489270,1588489270,UV0GT666Q,"5/3
新入生とのミーティング
<@UJHF55FPA> <@UJHF409DE> <!channel>
結果：良かったと思う（TEDx凄いと思ってももらえたと思うし、皆意欲的な表情を見してくれたと思われる）
*注意【あくまで思われる】*

良かった点
1．*雰囲気がとても良い*
ちほ筆頭に放たれる硬すぎず、緩すぎずのちょうどいい雰囲気を作れていた。
2．*スクリーンシェアの活用*
しゅうきが議事録やドライブの活用について説明する時にスクリーンシェアしてくれて分かりやすかった。
3．*笑い*
我々三人が笑う事で自然と場の空気がほぐれ、向こうも「聞こう」という気持ちになってくれた。
4．*来るもの拒まず、去るもの拒まず*
内の団体はOBや久々に来てくれた人も温かく受け入れる体制を説明していい印象をもらえたと思われる。

反省点
パートナー交渉とスピーカーチームの説明をもう少しうまくできたと思う。
何をするか？を先に言うのではなく
*目的を達成する為に何が必要かを新入生の頭の中でイメージできるように説明する。*

例：
Ted takって人が喋ってるじゃん:arrow_right:あの喋る人を呼んでトークを作るのがスピーカーチームの仕事
:arrow_right:僕が呼びたい人クリスハートさん:arrow_right:だからDMを送る
（クリスハートさんを例として使ったのが良かった。みんな知ってるし、イメージしやすかった）",2020/5/3,2x5z
CRBLP9FDY,91cbeebd-fb77-4e5e-8f44-9cf0c73aed41,1588495449,1588489270,UJHF55FPA,"アタック失敗した話よりも成功例の方が良かったかな。去年の漫画家の山田玲司さんとかね
私からの反省点は、具体的すぎる話はしないことかな。イメージが湧かないのに細かい話しちゃうと混乱すると思う",2020/5/3,2x5z
CRBLP9FDY,b3ef8856-a2c1-4451-8caa-934b53e07978,1588495481,1588489270,UJHF55FPA,"でも今日はよかった！
新入生も話してくれたし、皆入りたそうな雰囲気だったね🥰
おつかれ！",2020/5/3,2x5z
CRBLP9FDY,c5aaef78-5cfd-4765-b0f5-20b823079d78,1588514080,1588489270,UV0GT666Q,"<@UJHF55FPA> 
確かに成功例の方が良かったかも:neutral_face:
次に繋げます！",2020/5/3,2x5z
CRBLP9FDY,2f478fea-106c-46b7-8fc7-ee3ef0cf47a7,1588819803,,UF872LS1K,"【新歓動画】

数日前あべしが直してくれた新歓動画のスクリプトv1.2です。
あとでworking hourのMTに使うので事前に確認してください。

<https://docs.google.com/document/d/1CPZwnOoSAnJX305WqTO0F1XDgc_zAK1tqaN9KhMcXUw/edit|https://docs.google.com/document/d/1CPZwnOoSAnJX305WqTO0F1XDgc_zAK1tqaN9KhMcXUw/edit>",2020/5/6,2x5z
CRBLP9FDY,b37a5214-0cd6-493f-a82a-fdb32bcd5fd7,1588819872,,UV0GT666Q,"数日前にあべしが載せた奴は
私とかなでのハイライトが入っているので先に見てくれていると助かります",2020/5/6,2x5z
CRBLP9FDY,db7d8d80-51a2-444a-a8bd-5a5e221b4c30,1588843250,,UE3QRLNC9,"<@UV0GT666Q> <@UV2S5BW6T> 
すみません、スクリプトv1.2に細々とした指摘を入れました。内容は申し分ないと思います。ただなんか声に出してみて引っかかる箇所が多い。 ~日本語の文法知ってる？！~",2020/5/7,2x5z
CRBLP9FDY,fd4e6f43-2e58-44e5-aeae-fadb6dc2d83c,1588848514,1588848514,UE3QRLNC9,もう録りなおしてた？のかな？後から訂正入れちゃってごめん〜:pray:,2020/5/7,2x5z
CRBLP9FDY,805b4572-6e82-4b08-820b-ab59e2e31af1,1588853913,1588848514,UV2S5BW6T,"問題ありません！:woman-bowing:
訂正ありがとうございます",2020/5/7,2x5z
CRBLP9FDY,b3346728-fb2d-424e-96d0-2cc8ffafc2aa,1588860382,,UF872LS1K,"今日のworking hourお疲れ様です！

<@UV0GT666Q> <@UV2S5BW6T>
新歓動画来週リリースをしたいので出来れば明日の朝までに録音くれると助かります。

録音のファイル名は「TEDx1」みたいな感じでスクリプトの数字をあててください。

アップ先↓

<https://drive.google.com/drive/folders/1--w5QTqExxJaPshnPPBVibYmwCjCpTzY|https://drive.google.com/drive/folders/1--w5QTqExxJaPshnPPBVibYmwCjCpTzY>

<@UJHF55FPA> 
同時にスクリプトの翻訳お願いしていい？
字幕になるので読みやすさを意識してbriefでお願いします:pray:

スクリプト↓

<https://docs.google.com/document/d/1CPZwnOoSAnJX305WqTO0F1XDgc_zAK1tqaN9KhMcXUw/edit|https://docs.google.com/document/d/1CPZwnOoSAnJX305WqTO0F1XDgc_zAK1tqaN9KhMcXUw/edit>",2020/5/7,2x5z
CRBLP9FDY,c9e6782b-a1ba-4a47-aec7-81c7775f37bc,1588861695,1588861695,UF872LS1K,"【新入生対応について】

今日のMTでしょーりゅうから聞きました

<@UV0GT666Q> <@UJHF409DE> <@UJHF55FPA> まず対応ありがとう！

これからの動きについて、担当の子個人で対応してからグループMTをやるのはすごい良いと思います！
コチャで先に不安を消して、これからやりたいことのお話をした方がより良いものを引き出せるはず。

でグループMTが結構うまく行ってたら早速メッセンジャーとかの追加だったり、スラックの説明もして良いと思う。",2020/5/7,2x5z
CRBLP9FDY,5aff5b62-7542-42d9-b096-c9fedf74d628,1588933397,1588861695,UJHF409DE,4人全員入りたいそうなので来週中にスラックとかのセットアップまで説明します,2020/5/8,2x5z
CRBLP9FDY,81cb5684-4389-4665-99d4-65bab538a09a,1588934713,1588934713,UJ62HAHV0,新歓動画だいぶ遅れてますが、、もう少し時間をください。自分の声に満足がいかないっていう理由で目を背けてました🥺,2020/5/8,2x5z
CRBLP9FDY,0f3db4fd-b47d-4af2-8c66-de5bbcaf31a9,1588937633,1588861695,UF872LS1K,"おおおすごいい
ありがとう！",2020/5/8,2x5z
CRBLP9FDY,b0740090-ce68-4a93-a099-29fa96b92964,1589005945,1588934713,UF7VDGKEX,あるあるだよね,2020/5/8,2x5z
CRBLP9FDY,c0f8d2d9-5871-4cae-b592-42627fdd46dc,1589072215,1588934713,UF872LS1K,んどの動画？,2020/5/9,2x5z
CRBLP9FDY,da57d0ba-d45d-4c66-b00c-4ecf236b0692,1589088413,1588934713,UJ62HAHV0,"しゅうきと僕で撮る予定だった動画です。
メンバー交代しながら週一くらいで更新するやつ。",2020/5/9,2x5z
CRBLP9FDY,c08c7a6b-48bf-469d-a975-71e93524ea31,1589112762,1588934713,UF872LS1K,"あー理解:woman-gesturing-ok::woman-gesturing-ok:

楽しみ",2020/5/10,2x5z
CRBLP9FDY,5b204117-2b8d-42b6-8487-8d89d9c06278,1589527253,1589527253,UJHF55FPA,"新歓(？)の報告
前回mtgで来てくれた4人は入りたいといってくれてます🥰
5/18に今後の関わり方について新入生と担当者3人に聞きます。このときに前回のmtgについて聞けそうだったら聞いてみます。

その他2人が興味あると連絡してくれているので、5/21のmtg見学に誘っています！",2020/5/15,2x5z
CRBLP9FDY,916992c3-e60c-480f-946a-595b8f71d1e3,1589531002,1589527253,UF872LS1K,One vote for welcome to TEDxUTsukuba,2020/5/15,2x5z
CRBLP9FDY,43f40969-72a7-44b5-b6c9-f2b4a00434f7,1590075740,,UF872LS1K,"ジャクタ先生、早速TEDxのこと広めてくれたみたい。
参加希望者出現:tada:
",2020/5/21,2x5z
CRBLP9FDY,da92bef2-cbc2-4a7d-b112-0f0ebeb174ea,1594016790,,UF872LS1K,今日授業中にジャクタ先生が出してくれました:grimacing:,2020/7/5,2x5z
CRBLP9FDY,577e6889-2bfd-4e08-8f8a-35b6bd926126,1594284788,,UF872LS1K,"<!channel>

【新メンバー！！！】

お疲れさまです！チャンネル迷ったけどここにします。

筑波学院大学の米川先生から紹介してもらった留学生とお話ししましたのでご報告します！

*結論から言うと、JOINしてくれます*:confetti_ball::confetti_ball::confetti_ball:


いろいろお話しをしたところPRに興味を持ってるそうで、ぜひこのチームにお手伝いしたいそうです。

ちなみに彼の学部はビジネスデザイン学科のグローバルコミュニケーションだそうです:earth_asia:


現在は日本に入れない状況なので母国にいますが、オンラインでMTに参加できると言ってくれましたので早速次回火曜日のMTをのぞいてくそうです。


FBアカウントやメアドの準備でき次第メッセンジャーやスラック、そしてドライブのアクセスとかの準備も進めますのでよろしくお願いします。

ちなみに、彼めっちゃ日本語できるのでノープロブレムです。
私の高校の先輩で、生徒会で一緒に働いた人でもあるのでコミュニケーション次第で大きい力になれる人です:grimacing:",2020/7/9,2x5z
CRBLP9FDY,a0f4ec04-b9a7-4c48-aab0-4f0d976843f1,1602347471,,UJ62HAHV0,秋学期の新歓の共有はここで！:pray:,2020/10/10,2x5z
CRBLP9FDY,13ae9728-da75-45bb-8203-d4c28ec0f339,1602519887,,UF872LS1K,"誰に確認するかわからないので <@UV0GT666Q> に。

MTに出すよりこちらで以下の共有お願いします。

• 目的
ー当日運営メンバーの募集？(新歓の新歓的な)
ー正式なメンバー？

• 関わるメンバー

• 進捗報告",2020/10/12,2x5z
CRBLP9FDY,15d89989-ece7-4e52-82b1-87850cc0923b,1602557492,1602557492,U013SPDV51T,"しょうりゅうの代わりに僕が
正直イベント前ということもあり仕事量が過多になりそうなのですが、1年生で話した結果では*是非やりたい*という結果になりました。特に最近入ったしゅうへい、さーや、せいか辺りが関わってくれそうです。
春ごろやっていたオンライン新歓のようなものができればいいのですが、ただこのタイミングで新たに加入するとうまく仕事が振り分けられるか等の問題もあります。
そこで、とりあえず*当日運営メンバーを何らかの形で若干名募集し、1年生がそのフォローアップをできれば、と思ってます*　
ターゲットとしては最近加入してくれたメンバーの知り合いや、サロンで興味を持ってくれた1年生辺りを何とか捕まえれられないかと考えている次第です",2020/10/12,2x5z
CRBLP9FDY,8dd4f459-229e-4aa9-9e9f-9b144942e48a,1602563392,1602557492,UFHHQ3NJD,"コツは、何ができるか、と勝手に新人の限界を決めて仕事をふるのではなく、すでにあるタスクや自分がやっていることの中から、やりたそうなこと、得意そうなことをやらせて見る。
ただし、よく見て、十分にフォローすること。
できる人はいきなりでもできるからね。",2020/10/12,2x5z
CRBLP9FDY,b6b1b332-ad54-4fff-bfdd-89737e450364,1602572347,1602557492,UF872LS1K,"説明ありがとう！

内容について了解しました。
このまま任せてもOKでしょうか？

タスクに関して相談あればいつでもオープンに連絡ください。

引き続きよろしくお願いします:woman-bowing:",2020/10/12,2x5z
CRBLP9FDY,c7f41327-8ef9-4350-a492-6ff7aa8c39d4,1602579390,1602557492,U013SPDV51T,了解です！,2020/10/13,2x5z
CRBLP9FDY,6848cbd5-d0f9-4bd1-8c54-051a4271be48,1608570024,1608570024,UF872LS1K,"2020新歓隊長 <@U01BZGMHH18> :tada:

昨年やったこととか、登録関係の引き継ぎ、 <@UJHF55FPA> よろしくお願いします:pray:

最初の登録、私がします。
必要な情報あったら個別で連絡します。",2020/12/21,2x5z
CRBLP9FDY,4f3de4a4-c084-4987-b4a4-d92e3248a526,1608589548,,U01BZGMHH18,"新歓隊長になりました！
よろしくお願いします！(^^)",2020/12/21,2x5z
CRBLP9FDY,00aa2c92-282c-4531-b2c9-31cd88694b9a,1608592826,,UE3QRLNC9,一昨年の新歓の引き継ぎ書です。オンラインだと参考にならないところも多いかもしれないけど、申請手続きのあたりは詳しく書いてあるので (制度が変わっていなければ) 多少は役に立つと思います！,2020/12/21,2x5z
CRBLP9FDY,c3409719-8ff9-4f6d-b5d4-687880aab3a1,1608638881,1608570024,UJHF55FPA,引き継ぎ任せてい:slightly_smiling_face:,2020/12/22,2x5z
CRBLP9FDY,ad281a0c-3a73-462c-b902-4d2295c7c45d,1608644768,1608644768,UF872LS1K,新歓祭申請 DONE,2020/12/22,2x5z
CRBLP9FDY,53e358d7-21a3-4ed2-ae25-5df3b5efe0a3,1608727927,1608644768,UF872LS1K,"ミス？

いいえいいえ",2020/12/23,2x5z
CRBLP9FDY,581be6de-5a0e-4be7-9be1-910eef786bac,1608733321,1608733321,U01BZGMHH18,"<!channel> 28日の12時にらんぷ来れる人いますか？僕含め2,3人で今TEDxに興味を持ってくれている方とお話ししようと思っています。 TEDxの紹介等",2020/12/23,2x5z
CRBLP9FDY,b5efc840-1f72-48c5-80a7-6a3305550e59,1608733353,1608733321,U013SPDV51T,バイトだ、、、、、、,2020/12/23,2x5z
CRBLP9FDY,4a890355-7369-4cd6-909b-d11c026904b3,1608733422,1608733321,UJ62HAHV0,空いてる:man-raising-hand:,2020/12/23,2x5z
CRBLP9FDY,98928aa8-29fa-4359-ad4b-617c1a8e8d60,1608754425,1608644768,UJHF55FPA,ありがとう、わたしがやるべきでしたね。任せてしまってた,2020/12/23,2x5z
CRBLP9FDY,948e928a-2c3d-449b-873c-1b9ee7c5ad75,1608775893,1608644768,UF872LS1K,書類たち私が持ってたのでやりました:sweat_smile:,2020/12/23,2x5z
CRBLP9FDY,3907f1cc-8c5a-40b6-afbf-de542fc6ce08,1608980854,1608980854,U01BZGMHH18,28日は僕となおきさんで行こうと思います！,2020/12/26,2x5z
CRBLP9FDY,a36e2693-efb6-46c7-a645-28c7806d9c13,1609076173,1608980854,UF7VDGKEX,ちょい用事あって行けんけど、がんばれい！,2020/12/27,2x5z
CRBLP9FDY,aeaff042-476a-47fb-b10f-7aec83474d8b,1609130032,,U01BZGMHH18,"<!channel>新歓してきました！
さかなさん(佑歩さん)めっちゃ良い人:sparkles:
一月のMTに参加したい！って言ってくださったので、MTでもっとTedxについて知ってもらおうと思います:+1:　(恐らく演者とPR)",2020/12/27,2x5z
CRBLP9FDY,6cdbdc55-8464-4162-ad9d-7ec58946061b,1609588499,,UF872LS1K,"<@U01BZGMHH18> お疲れ様です！
新歓関係で1つお願いしたいことがあります。

全ての団体が記載されているパンフ(？)用の挨拶文書の作成をおねがいしたいです。

理想は4日までですが、可能でしょうか:pray:",2021/1/2,2x5z
CRBLP9FDY,d1dd2a2e-2f1e-4fcf-83e8-d9f84d0a7a56,1609597579,1609597579,U01BZGMHH18,<@UF872LS1K>了解です！:+1:,2021/1/2,2x5z
CRBLP9FDY,71e8d307-7de9-4ef7-ad80-a41f0f9944f4,1609597668,1609597668,U01BZGMHH18,4日までに作成ってことですか？？,2021/1/2,2x5z
CRBLP9FDY,7d94f198-109b-4331-957d-6957b6bc8b10,1609602851,1609597668,UF872LS1K,"あそうです！
大丈夫そうですかね",2021/1/2,2x5z
CRBLP9FDY,6911e916-8e4f-4e7f-bbc4-295c7a68b3a7,1609602862,1609597579,UF872LS1K,ありがとうございます！:pray::pray::pray:,2021/1/2,2x5z
CRBLP9FDY,ce11ac75-1a78-455f-b5e8-52608f5eb966,1609603075,1609597668,U01BZGMHH18,"大丈夫です！
出来たらSlackに載せます:+1:",2021/1/2,2x5z
CRBLP9FDY,cd34e262-219d-4b9c-b5a0-445b5fe219b1,1609604534,1609597668,UF872LS1K,"ありがとうございます！

よろしくお願いします:woman-bowing:",2021/1/2,2x5z
CRBLP9FDY,0a441635-bbfa-46b7-a54b-0004ea19c1c7,1609749749,1609749749,U01BZGMHH18,"<@UF872LS1K> 作成できました！
「TEDxUTsukubaは年に数回トークイベントを企画、運営する団体です。
TEDxは学生だけでなく多くの人たちと関わることが出来るので多くのことが将来に役立ちます。また、色んな学類、学年の人がいるのでサークル内の雰囲気はとてもフランクで楽しく、これは他のサークルにはない強みだと思います！是非お待ちしてます！(^^)」",2021/1/4,2x5z
CRBLP9FDY,64fe3fa4-35b6-470b-a3fb-d8915db0bdf8,1609750983,1609749749,UF872LS1K,ありがとうーーー！,2021/1/4,2x5z
CRBLP9FDY,8f376164-e202-4b9f-8024-809556df0400,1610128629,1610128629,UV0GT666Q,"新歓アイディア

WHAT
「大学生の一日」という動画を作成
朝自分達が起きてどう一日過ごすかを5分程でまとめたダイジェスト動画を作成。


WHY
何故このアイディアに行き着いたか？
去年はzoomなどを使って口頭で大学生活に役立ちそうな情報を説明したが、動画で見た方が分かりやすいと思った。

利点
1. どのサークルもこういう動画を作ってない。
2. 途中でTEDx要素を自然に出せる。
3. 新入生達にどんな生活が待っているかイメージがつきやすい。
4. また深夜バイト生ver. テスト期間ver.などアレンジが効く
5. これなら、コロナの影響を受けずに新歓ができる

WHEN
作成するなら秋Cの余裕がある時がいい。

WHO/WHERE
誰の一日を取るか？どんな一日を過ごすかは皆で話し合って決めたい。

HOW
IPhoneのタイムラプスで動画を撮るイメージをしています。



",2021/1/8,2x5z
CRBLP9FDY,494e8390-6e4d-4924-a51c-30615a04babb,1610166171,1610128629,UF872LS1K,海外の大学で、学生がインスタアカウント乗っとるやつがあって。一日中その人が自分の1日をストーリーであげ続けるやつもある,2021/1/8,2x5z
CRBLP9FDY,8c6d1649-02db-47fe-b4e4-b537c921f3d2,1610166431,1610128629,UJHF51U8G,"筑波大学のpvのさ、attention pleaseっていう動画は参考にする価値があるよ。

<https://youtu.be/8AWgpk8t7FY|https://youtu.be/8AWgpk8t7FY>",2021/1/8,2x5z
CRBLP9FDY,8c50ab8f-3da6-4ccc-a0eb-ebcbe4793d59,1610166458,1610128629,UF872LS1K,"大学からの依頼でCASAで作ったものもあるので参考までに

1) <https://youtu.be/ISVK-umrU50|https://youtu.be/ISVK-umrU50>

2) <https://youtu.be/aosbqd-6wpA|https://youtu.be/aosbqd-6wpA>",2021/1/8,2x5z
CRBLP9FDY,20af6e84-3d26-4bbc-b5dd-4fa981971f1f,1610207623,1610128629,UF7VDGKEX,新歓というよりはPRとしていいコンテンツになりそうだね。ただの大学生の一日だとあるあるの寄せ集めになっちゃうから（それだといろんな人が作ってる）各メンバーそれぞれの一日に密着してみるとかはおもしろいと思う,2021/1/9,2x5z
CRBLP9FDY,c3f4222f-b81b-4546-97fb-ba798f72996c,1610255258,1610128629,UV0GT666Q,"<@UF872LS1K> コリン、このCASAの動画のクオリティ凄い高いな！
何で撮ったん？",2021/1/9,2x5z
CRBLP9FDY,8ea1ec35-fb12-43e4-97e5-aff14e933f73,1610257941,1610128629,UF872LS1K,一眼レフで撮った,2021/1/9,2x5z
CRBLP9FDY,044ea8ed-96f6-466c-8fed-320651d49b91,1610257970,1610128629,UF872LS1K,メンバーが持ってたからそのメンバー本人が撮った,2021/1/9,2x5z
CRBLP9FDY,dec7d286-07e8-4be7-a50b-eebf2c01460b,1610620675,,U01BZGMHH18,"しょうりゅうの出したアイデアの他にもし何かあれば、載せて頂けるとありがたいです:sweat_drops:
今の段階では、コロナ禍ってこともあるのでtwitter上でしか活動できないのかなと思っています…",2021/1/14,2x5z
CRBLP9FDY,268c5620-9817-4b00-8920-4a167111c3eb,1610629733,,UF872LS1K,"*案1*

<https://www.instagram.com/p/B-MOz_hI3yv/?igshid=w3xq7yxjadl1|https://www.instagram.com/p/B-MOz_hI3yv/?igshid=w3xq7yxjadl1>",2021/1/14,2x5z
CRBLP9FDY,307540da-53c7-4e03-85b9-9edca84eb6f4,1610629938,,UF872LS1K,"*案2*

「入った後の自分が想像できる写真」

-過去のイベント写真から
-っぽいやつ新たに撮る
-全体写真もいいが、動きのある人にフォーカスした写真が好ましい(カッコいいイメージ)

いろんな写真

<https://drive.google.com/drive/folders/1iEdWFTEtanDkC5aZYqTT3oi-6jQT_MMc|https://drive.google.com/drive/folders/1iEdWFTEtanDkC5aZYqTT3oi-6jQT_MMc>

<https://www.flickr.com/photos/146703506@N03/albums|https://www.flickr.com/photos/146703506@N03/albums>",2021/1/14,2x5z
CRBLP9FDY,40c7e882-62d8-4257-bccd-95d293536373,1610631658,1610631658,UV0GT666Q,,2021/1/14,2x5z
CRBLP9FDY,449f17dc-2bbe-4738-96c4-3853b8458a21,1610631857,,UV0GT666Q,"先日お話しした動画の朝の部分です。
こういう感じで作って行き、一日の材料が完成し、かずきにお渡しします",2021/1/14,2x5z
CRBLP9FDY,d4f5a181-5612-49c5-b1e8-44f1dd959ef1,1610691267,1610691267,UJ62HAHV0,"【新歓アイデア】

筑波大学の教授とかにインタビューするのとかどうだろう。アポを取って、研究室とか屋外とかで撮影。字幕をつけて公開する。

先生の専門についての見解や聞きたいトピックを用意しておき、興味深い話を掘り出したい。

大学の先生はキャリアとしても研究内容としても面白い考えを持っているはず。なのでTEDxとしてそれを広めることができたら良いかも。

メリットとしては、先生との交流が持てる。筑波大生にウケる。内容の質が確保される。再現性がある。などなど

WHEN
やるなら先生もいる秋Cの間にまとめてやりたいね。

WHO
インタビューしたい教授いますか？
人文・芸術・社会…etc. 
提案してくれた人と撮影班。

HOW
撮影はスマホやiPadで足りるだろうか。
三脚は欲しい。
デジカメ使うのもあり。",2021/1/14,2x5z
CRBLP9FDY,523ca155-e24a-4f0f-83bc-5cf43b0244db,1610693635,1610691267,U013SPDV51T,"インタビューというアイデアは面白い。
教授だとまだ固い印象あるし、エンタメ色を出しに行くなら他に対象を広げてもいいと思った",2021/1/14,2x5z
CRBLP9FDY,cdb58f98-129e-4dbe-8329-ef63a9583408,1610693656,1610691267,UJ62HAHV0,"<@UV0GT666Q>
不安点1に関して
極端な例を出せば、落合先生や永田学長の動画なら見たいと思わない？(実現は難しいけど)
哲学・宗教学入門の先生はキャラ的にも面白い人だと思ったし、哲学通論は受けてはいないけど先生のこと好きな人は一定数いる印象。また、エンパワースタジオの岩田先生も広くメディアに取り上げられるような人。メ創の三谷先生は折り紙の分野で世界的に活躍している。芸術系で言えば以前まで顧問だった五十嵐先生はTEDxにも深く共感を示してくれていたし、翔龍が好きそうなタイプだと思う。目を向ければ魅力的な人はたくさんいるはずだ。

不安点2に関してはわからない。
俺だったらツイッターで回ってきたときに見てみたくなる。
新入生にとっては、オンライン授業ではわからない先生の情報を知れたりするんじゃないかな。",2021/1/14,2x5z
CRBLP9FDY,0b6a8873-ec49-49be-8863-90e481a871c9,1610699507,1610691267,U01BZGMHH18,前回のイベントのPRみたく、見出しに凝ったら見てくれる人は増えると思う。〇〇で有名な…とか、あとは若干先生方のプライベートも織り交ぜたら特に新入生にうけるはず,2021/1/15,2x5z
CRBLP9FDY,8d6bd454-2c34-4ce8-b1c1-9f34592761cd,1610699969,,U01BZGMHH18,しょうりゅうと話してたんですけど、アイデア出した人がそれをやるとかそんな感じではないです:sweat_drops:　一応言っておきます！:man-raising-hand:,2021/1/15,2x5z
CRBLP9FDY,305cad1b-7001-4697-b5ad-fb645e5258d3,1610701895,1610691267,UJ62HAHV0,"<@U01BZGMHH18>
そうだね、見出し大事。そうそう、オンライン授業では伝わりきらないプライベートとか性格的な部分も知ることができたら面白いと思ったんだよね。

対面なら「この先生面白いなー笑」とか思ったりするから新入生には余計アリだなと思った",2021/1/15,2x5z
CRBLP9FDY,d63909b5-d6ab-4c0f-872a-b3c3c09f9d84,1610706919,1610631658,UJ62HAHV0,この動画が何を達成したかったのかが分からず、何をコメントすべきかも分からなかったので,2021/1/15,2x5z
CRBLP9FDY,62043921-c1a4-4156-9c16-9705702c254f,1610708295,1610691267,U01BZGMHH18,<@UJ62HAHV0> この先生の授業受けてみたいってなるかもしれないですし、何も知らない新入生にとっては良いかも,2021/1/15,2x5z
CRBLP9FDY,2054aae3-c1ed-437d-9bbd-468e643bdc17,1610709991,1610691267,UV0GT666Q,<@UJ62HAHV0> なるほど。ちょっと一回やってみたいな。,2021/1/15,2x5z
CRBLP9FDY,75cf7f94-502c-4207-959b-e2efa7c5048c,1610710085,1610691267,UJ62HAHV0,<@U01B1CMLG1H> 哲通の先生気になるんだけどどう思う？,2021/1/15,2x5z
CRBLP9FDY,12ccc3bc-abd3-4837-9c35-89e73c863906,1610710108,1610631658,UV0GT666Q,"なるほど。良き指摘や。
この動画の目的は動画制作を初めてますよ。という報告の意味を込めて作った。",2021/1/15,2x5z
CRBLP9FDY,0e3a52ed-893f-48ad-964b-57ab9f532aa6,1610710604,1610631658,UV0GT666Q,"次取る動画は
・授業受けてる動画
・買い物動画
・TEDxのオンラインミーティング
・私が本を読んでいる姿
・夜飯料理動画

",2021/1/15,2x5z
CRBLP9FDY,dda0a5b3-aea9-48b0-9cef-384ed8078feb,1610711752,1610631658,UJ62HAHV0,"なるほどありがとう。
動画のクオリティは他の団体に差をつけるほど上げることは出来ないとして、その他の点でTEDxとして差別化できると思っているポイントは何？",2021/1/15,2x5z
CRBLP9FDY,3ce3cf0b-c830-4bc3-beb7-f6bbd52506cd,1610717563,1610691267,U01B1CMLG1H,<@UJ62HAHV0> いや〜面白いですよ。独自の哲学を持ってる先生ですし多分めんどくs...ですけど笑笑 私は好きです,2021/1/15,2x5z
CRBLP9FDY,d7f6d15c-8155-454b-9e68-db6514869010,1610771660,1610691267,UJ62HAHV0,"話してみたいな〜笑

イベントのスピーカーとして呼ぶにはリスクが高そうないわゆる曲者タイプの先生は、インタビューするには丁度いいような気がしてるんだよね。失敗も許されるし。",2021/1/15,2x5z
CRBLP9FDY,e9c16909-8b67-4007-a0e5-c1dba4ae505a,1610777574,1610691267,U01B1CMLG1H,"たしかにそれはありそう。
あとは宗教学のくとの先生(Twitter名)もいいと思いますよ。バ美肉の女装家先生なんですけど。
あとは古代西アジア史(メソポタミア文明)の柴田先生とか、そもそも筑波人文は言語学が強いので言語学の先生もいいと思います。もちろん古代西アジア史については筑波は有数の研究者が揃ってます。",2021/1/15,2x5z
CRBLP9FDY,a09f7bd4-b130-4d72-9497-67b55d3e1e1a,1610777612,1610691267,U01B1CMLG1H,もし哲通の先生お呼びすることがあれば一応受講生なので対応とか担当してみたいです(),2021/1/15,2x5z
CRBLP9FDY,896db02b-949d-4e81-890d-ec8681d66f78,1610778335,1610691267,UJ62HAHV0,"くとの先生キャラ強いよねえ。言語学も興味ある。専門性をエンターテイメントに昇華させたいね。

おおー、頼もしいぜひ担当して欲しいな",2021/1/15,2x5z
CRBLP9FDY,5d5a0c64-f503-4986-b6fa-c5e0ad35335d,1610786970,1610786970,U013SPDV51T,"まず、新歓をやるにあたって
①TEDx自体を見てもらう
②TEDxの作ったモノを見てもらう
の2通りがあると思う。今出ているのは②のパターンが多めだと思ったが①をやるのであれば、例えばzoomなどで説明会を開きそこでactivityなどを行なってメンバーと直接触れ合える環境を作るのもアリ(去年は新歓liveのみでそこからdm→mt行きだったがその過程をすっ飛ばしてみる)",2021/1/16,2x5z
CRBLP9FDY,4d164d75-4e2f-4a11-a0a0-29e6de7e1b1d,1610787082,1610786970,U013SPDV51T,②に関してはまだ俺もいいideaが思いつかないので考え中です,2021/1/16,2x5z
CRBLP9FDY,29c24f14-fce7-44be-9d1e-388a0430bdbf,1610821317,1610786970,UJ62HAHV0,"①が新歓の本来の目的ではあるよね。コロナ禍でなければあったはずのご飯会とかもサークルの雰囲気を知ってもらうため

②はどちらかというとブランディング寄り。学園祭などでサークルがパフォーマンスを披露し、みた人を感動させ「すげえな」と思わせるようなもの。感動した人はサークルに入るかは分からないがその人の評判からから伝染する可能性がある。",2021/1/16,2x5z
CRBLP9FDY,4217cecf-2521-48ba-877c-40b9833249d6,1611118742,1611118742,UV0GT666Q,"新歓アイディア改
 *「TEDxUTsukubaの一日」を作成。*
次のパートナーチームが報告書を渡す時、もう一人テックメンバーを同行しメンバーと企業さんの姿を撮影し、短いドキュメンタリーを作る。

WHAT
「TEDxUTsukubaの一日」を作成
<@U013SPDV51T> が言ってくれた
①TEDx自体を見てもらう
②TEDxの作ったモノを見てもらう
という観点で考えたとき、当初の案だとどっちもさほど達成できていないと感じた。
じゃあどうすれば「TEDxUTsukubaの一日」を作り➀と➁を達成できるか？
と考えたときにこの案に辿り着きました。

HOW
パートナーチームが報告書を渡す時、メンバーをもう一人同行しメンバーと企業さんの姿を撮影し、短いドキュメンタリーを作る。

WHO
パートナーチームからはかなでと沙綾に出て頂きたい。引継ぎという意味もある。
もう一人は「動画から見た演出」を最も理解している人に撮影して頂きたい。

WHEN
パートナー報告書をお渡しする時

*CONCLUSION*
パートナーチームと企業さんを撮影する事により
➀のTEDｘの活動を見て頂く/伝える
➁TEDxがどういった関係をパートナーさんと築いてきたか知ってもらう
イメージとしてはプロフェッシュナルみたいな動画をTEDxUTsukuba版で作りたいです
<https://www.youtube.com/watch?v=0rsCojo59wg>",2021/1/19,2x5z
CRBLP9FDY,dad17b0b-663e-47ce-8aa9-533549266665,1611119733,1611118742,U013SPDV51T,"面白い。
付け加えるなら、パートナー交渉だけがTEDxでは無いと思うのでMTの様子とか盛り込んでみては？",2021/1/19,2x5z
CRBLP9FDY,728ca37d-c6dc-4bac-8795-fb7f98c69b1f,1611132291,1611118742,UV0GT666Q,そうやな、どうにかこのミーティングでenjaやPR面のTEDｘ感を出したい,2021/1/20,2x5z